scenario,budget,variant,phase,eligible,invoked,skip_reason,termination_reason,charged_nodes,returned_nodes,reserved_nodes,consumed_nodes,uncharged_moves,candidates,share_of_total_budget,best_before,best_after,phase_best,semantic_improvements,semantic_improvement,first_produced_final_semantic_score,dead_spend
gsv2-013,250000,general-search-v1,coverage_seed,false,false,coverage_disabled,,0,62500,62500,0,0,0,0,,,,0,false,false,false
gsv2-013,250000,general-search-v1,packing_seed,true,true,,completed,13855,8020,21875,13855,0,32,0.05542,,"[[1,1],0,2,19,2,0,2]","[[1,1],0,2,19,2,0,2]",1,true,false,false
gsv2-013,250000,general-search-v1,star_seed,true,true,,completed,35526,0,35526,35526,0,0,0.142104,"[[1,1],0,2,19,2,0,2]","[[1,1],0,2,19,2,0,2]",,0,false,false,true
gsv2-013,250000,general-search-v1,constellation_seed_v1,true,true,,no_priority_constellation,5099,4276,9375,5099,0,0,0.020396,"[[1,1],0,2,19,2,0,2]","[[1,1],0,2,19,2,0,2]",,0,false,false,false
gsv2-013,250000,general-search-v1,constellation_parent_frontier_hedge,false,false,,,0,0,0,0,0,0,0,"[[1,1],0,2,19,2,0,2]","[[1,1],0,2,19,2,0,2]",,0,false,false,false
gsv2-013,250000,general-search-v1,pre_repair,true,true,,no_remaining_neighborhoods,17623,32377,50000,17623,0,2673,0.070492,"[[1,1],0,2,19,2,0,2]","[[3,0],0,3,19,3,0,3]","[[3,0],0,3,19,3,0,3]",6,true,false,false
gsv2-013,250000,general-search-v1,dfs,true,true,,budget_exhausted,127897,0,127897,127897,0,544,0.511588,"[[3,0],0,3,19,3,0,3]","[[3,1],0,4,19,3,0,3]","[[3,1],0,4,19,3,0,3]",1,true,false,false
gsv2-013,250000,general-search-v1,post_repair,true,true,,no_improvement,37135,12865,50000,37135,0,2838,0.14854,"[[3,1],0,4,19,3,0,3]","[[4,3],0,7,19,6,0,6]","[[4,3],0,7,19,6,0,6]",6,true,true,false
gsv2-013,250000,general-search-v1,completion,false,false,skips_disabled,,0,0,0,0,0,0,0,"[[4,3],0,7,19,6,0,6]","[[4,3],0,7,19,6,0,6]",,0,false,false,false
gsv2-013,250000,general-search-v1,refine,true,true,,completed,0,0,0,0,528,480,0,"[[4,3],0,7,19,6,0,6]","[[4,3],0,7,19,6,0,6]","[[4,3],0,7,19,6,0,6]",0,false,false,false
gsv2-013,250000,general-search-v1,plateau_lns,false,false,priority_not_reached,,0,0,0,0,0,0,0,"[[4,3],0,7,19,6,0,6]","[[4,3],0,7,19,6,0,6]",,0,false,false,false
gsv2-013,250000,general-search-v1,plateau_refine,false,false,priority_not_reached,,0,0,0,0,0,0,0,"[[4,3],0,7,19,6,0,6]","[[4,3],0,7,19,6,0,6]",,0,false,false,false
gsv2-013,1000000,general-search-v1,coverage_seed,false,false,coverage_disabled,,0,250000,250000,0,0,0,0,,,,0,false,false,false
gsv2-013,1000000,general-search-v1,packing_seed,true,true,,completed,26825,60675,87500,26825,0,64,0.026825,,"[[2,0],0,2,19,2,0,2]","[[2,0],0,2,19,2,0,2]",1,true,false,false
gsv2-013,1000000,general-search-v1,star_seed,true,true,,completed,92804,64597,157401,92804,0,6,0.092804,"[[2,0],0,2,19,2,0,2]","[[4,4],0,8,19,6,0,6]","[[4,4],0,8,19,6,0,6]",1,true,false,false
gsv2-013,1000000,general-search-v1,constellation_seed_v1,true,true,,no_priority_constellation,5099,32401,37500,5099,0,0,0.005099,"[[4,4],0,8,19,6,0,6]","[[4,4],0,8,19,6,0,6]",,0,false,false,false
gsv2-013,1000000,general-search-v1,constellation_parent_frontier_hedge,false,false,,,0,0,0,0,0,0,0,"[[4,4],0,8,19,6,0,6]","[[4,4],0,8,19,6,0,6]",,0,false,false,false
gsv2-013,1000000,general-search-v1,pre_repair,true,true,,no_improvement,41218,158782,200000,41218,0,772,0.041218,"[[4,4],0,8,19,6,0,6]","[[4,4],0,8,19,6,0,6]","[[4,4],0,8,19,6,0,6]",0,false,false,false
gsv2-013,1000000,general-search-v1,dfs,true,true,,budget_exhausted,634054,0,634054,634054,0,1076,0.634054,"[[4,4],0,8,19,6,0,6]","[[4,4],0,8,19,6,0,6]","[[4,4],0,8,19,6,0,6]",0,false,false,true
gsv2-013,1000000,general-search-v1,post_repair,true,true,,no_improvement,85097,114903,200000,85097,0,426,0.085097,"[[4,4],0,8,19,6,0,6]","[[4,5],0,9,19,6,0,6]","[[4,5],0,9,19,6,0,6]",1,true,true,false
gsv2-013,1000000,general-search-v1,completion,false,false,skips_disabled,,0,0,0,0,0,0,0,"[[4,5],0,9,19,6,0,6]","[[4,5],0,9,19,6,0,6]",,0,false,false,false
gsv2-013,1000000,general-search-v1,refine,true,true,,completed,0,0,0,0,512,464,0,"[[4,5],0,9,19,6,0,6]","[[4,5],0,9,19,6,0,6]","[[4,5],0,9,19,6,0,6]",0,false,false,false
gsv2-013,1000000,general-search-v1,plateau_lns,false,false,priority_not_reached,,0,0,0,0,0,0,0,"[[4,5],0,9,19,6,0,6]","[[4,5],0,9,19,6,0,6]",,0,false,false,false
gsv2-013,1000000,general-search-v1,plateau_refine,false,false,priority_not_reached,,0,0,0,0,0,0,0,"[[4,5],0,9,19,6,0,6]","[[4,5],0,9,19,6,0,6]",,0,false,false,false
gsv2-014,250000,general-search-v1,coverage_seed,false,false,coverage_disabled,,0,62500,62500,0,0,0,0,,,,0,false,false,false
gsv2-014,250000,general-search-v1,packing_seed,true,true,,completed,21875,0,21875,21875,0,0,0.0875,,,,0,false,false,true
gsv2-014,250000,general-search-v1,star_seed,true,true,,completed,31250,0,31250,31250,0,0,0.125,,,,0,false,false,true
gsv2-014,250000,general-search-v1,constellation_seed_v1,true,true,,completed,9375,0,9375,9375,0,0,0.0375,,,,0,false,false,false
gsv2-014,250000,general-search-v1,constellation_parent_frontier_hedge,false,false,,,0,0,0,0,0,0,0,,,,0,false,false,false
gsv2-014,250000,general-search-v1,pre_repair,false,false,no_seed_solution,,0,0,0,0,0,0,0,,,,0,false,false,false
gsv2-014,250000,general-search-v1,dfs,true,true,,budget_exhausted,187500,0,187500,187500,0,124,0.75,,"[[0,2],1,2,18,2,0,2]","[[0,2],1,2,18,2,0,2]",1,true,false,false
gsv2-014,250000,general-search-v1,post_repair,false,false,no_budget,,0,0,0,0,0,0,0,"[[0,2],1,2,18,2,0,2]","[[0,2],1,2,18,2,0,2]",,0,false,false,false
gsv2-014,250000,general-search-v1,completion,false,false,skips_disabled,,0,0,0,0,0,0,0,"[[0,2],1,2,18,2,0,2]","[[0,2],1,2,18,2,0,2]",,0,false,false,false
gsv2-014,250000,general-search-v1,refine,true,true,,completed,0,0,0,0,1832,1832,0,"[[0,2],1,2,18,2,0,2]","[[1,2],1,3,18,3,0,3]","[[1,2],1,3,18,3,0,3]",2,true,true,false
gsv2-014,250000,general-search-v1,plateau_lns,false,false,priority_not_reached,,0,0,0,0,0,0,0,"[[1,2],1,3,18,3,0,3]","[[1,2],1,3,18,3,0,3]",,0,false,false,false
gsv2-014,250000,general-search-v1,plateau_refine,false,false,priority_not_reached,,0,0,0,0,0,0,0,"[[1,2],1,3,18,3,0,3]","[[1,2],1,3,18,3,0,3]",,0,false,false,false
gsv2-014,1000000,general-search-v1,coverage_seed,false,false,coverage_disabled,,0,250000,250000,0,0,0,0,,,,0,false,false,false
gsv2-014,1000000,general-search-v1,packing_seed,true,true,,completed,53063,34437,87500,53063,0,64,0.053063,,"[[1,1],1,2,18,2,0,2]","[[1,1],1,2,18,2,0,2]",1,true,false,false
gsv2-014,1000000,general-search-v1,star_seed,true,true,,completed,111790,23587,135377,111790,0,0,0.11179,"[[1,1],1,2,18,2,0,2]","[[1,1],1,2,18,2,0,2]",,0,false,false,true
gsv2-014,1000000,general-search-v1,constellation_seed_v1,true,true,,completed,27123,10377,37500,27123,0,0,0.027123,"[[1,1],1,2,18,2,0,2]","[[1,1],1,2,18,2,0,2]",,0,false,false,false
gsv2-014,1000000,general-search-v1,constellation_parent_frontier_hedge,false,false,,,0,0,0,0,0,0,0,"[[1,1],1,2,18,2,0,2]","[[1,1],1,2,18,2,0,2]",,0,false,false,false
gsv2-014,1000000,general-search-v1,pre_repair,true,true,,no_improvement,43739,156261,200000,43739,0,443,0.043739,"[[1,1],1,2,18,2,0,2]","[[2,3],1,5,18,4,0,5]","[[2,3],1,5,18,4,0,5]",3,true,true,false
gsv2-014,1000000,general-search-v1,dfs,true,true,,budget_exhausted,564285,0,564285,564285,0,0,0.564285,"[[2,3],1,5,18,4,0,5]","[[2,3],1,5,18,4,0,5]",,0,false,false,true
gsv2-014,1000000,general-search-v1,post_repair,true,true,,no_improvement,52948,147052,200000,52948,0,48,0.052948,"[[2,3],1,5,18,4,0,5]","[[2,3],1,5,18,4,0,5]","[[2,3],1,5,18,4,0,5]",0,false,false,true
gsv2-014,1000000,general-search-v1,completion,false,false,skips_disabled,,0,0,0,0,0,0,0,"[[2,3],1,5,18,4,0,5]","[[2,3],1,5,18,4,0,5]",,0,false,false,false
gsv2-014,1000000,general-search-v1,refine,true,true,,completed,0,0,0,0,480,464,0,"[[2,3],1,5,18,4,0,5]","[[2,3],1,5,18,4,0,5]","[[2,3],1,5,18,4,0,5]",0,false,false,false
gsv2-014,1000000,general-search-v1,plateau_lns,false,false,priority_not_reached,,0,0,0,0,0,0,0,"[[2,3],1,5,18,4,0,5]","[[2,3],1,5,18,4,0,5]",,0,false,false,false
gsv2-014,1000000,general-search-v1,plateau_refine,false,false,priority_not_reached,,0,0,0,0,0,0,0,"[[2,3],1,5,18,4,0,5]","[[2,3],1,5,18,4,0,5]",,0,false,false,false
gsv2-015,250000,general-search-v1,coverage_seed,false,false,coverage_disabled,,0,62500,62500,0,0,0,0,,,,0,false,false,false
gsv2-015,250000,general-search-v1,packing_seed,true,true,,completed,17050,4825,21875,17050,0,32,0.0682,,"[[3,2],0,5,12,5,0,5]","[[3,2],0,5,12,5,0,5]",1,true,false,false
gsv2-015,250000,general-search-v1,star_seed,true,true,,completed,35017,0,35017,35017,0,0,0.140068,"[[3,2],0,5,12,5,0,5]","[[3,2],0,5,12,5,0,5]",,0,false,false,true
gsv2-015,250000,general-search-v1,constellation_seed_v1,true,true,,no_priority_constellation,5608,3767,9375,5608,0,0,0.022432,"[[3,2],0,5,12,5,0,5]","[[3,2],0,5,12,5,0,5]",,0,false,false,false
gsv2-015,250000,general-search-v1,constellation_parent_frontier_hedge,false,false,,,0,0,0,0,0,0,0,"[[3,2],0,5,12,5,0,5]","[[3,2],0,5,12,5,0,5]",,0,false,false,false
gsv2-015,250000,general-search-v1,pre_repair,true,true,,no_improvement,36376,13624,50000,36376,0,603,0.145504,"[[3,2],0,5,12,5,0,5]","[[6,2],0,8,12,6,0,6]","[[6,2],0,8,12,6,0,6]",4,true,true,false
gsv2-015,250000,general-search-v1,dfs,true,true,,budget_exhausted,105949,0,105949,105949,0,0,0.423796,"[[6,2],0,8,12,6,0,6]","[[6,2],0,8,12,6,0,6]",,0,false,false,true
gsv2-015,250000,general-search-v1,post_repair,true,true,,no_improvement,50000,0,50000,50000,0,108,0.2,"[[6,2],0,8,12,6,0,6]","[[6,2],0,8,12,6,0,6]","[[6,2],0,8,12,6,0,6]",0,false,false,true
gsv2-015,250000,general-search-v1,completion,false,false,skips_disabled,,0,0,0,0,0,0,0,"[[6,2],0,8,12,6,0,6]","[[6,2],0,8,12,6,0,6]",,0,false,false,false
gsv2-015,250000,general-search-v1,refine,true,true,,completed,0,0,0,0,11728,9984,0,"[[6,2],0,8,12,6,0,6]","[[6,2],0,8,12,6,0,6]","[[6,2],0,8,12,6,0,6]",0,false,false,false
gsv2-015,250000,general-search-v1,plateau_lns,false,false,priority_not_reached,,0,0,0,0,0,0,0,"[[6,2],0,8,12,6,0,6]","[[6,2],0,8,12,6,0,6]",,0,false,false,false
gsv2-015,250000,general-search-v1,plateau_refine,false,false,priority_not_reached,,0,0,0,0,0,0,0,"[[6,2],0,8,12,6,0,6]","[[6,2],0,8,12,6,0,6]",,0,false,false,false
gsv2-015,1000000,general-search-v1,coverage_seed,false,false,coverage_disabled,,0,250000,250000,0,0,0,0,,,,0,false,false,false
gsv2-015,1000000,general-search-v1,packing_seed,true,true,,completed,33152,54348,87500,33152,0,64,0.033152,,"[[3,2],0,5,12,5,0,5]","[[3,2],0,5,12,5,0,5]",1,true,false,false
gsv2-015,1000000,general-search-v1,star_seed,true,true,,completed,99154,57738,156892,99154,0,256,0.099154,"[[3,2],0,5,12,5,0,5]","[[5,3],0,8,12,6,0,6]","[[5,3],0,8,12,6,0,6]",1,true,false,false
gsv2-015,1000000,general-search-v1,constellation_seed_v1,true,true,,no_priority_constellation,5608,31892,37500,5608,0,0,0.005608,"[[5,3],0,8,12,6,0,6]","[[5,3],0,8,12,6,0,6]",,0,false,false,false
gsv2-015,1000000,general-search-v1,constellation_parent_frontier_hedge,false,false,,,0,0,0,0,0,0,0,"[[5,3],0,8,12,6,0,6]","[[5,3],0,8,12,6,0,6]",,0,false,false,false
gsv2-015,1000000,general-search-v1,pre_repair,true,true,,no_improvement,79215,120785,200000,79215,0,83,0.079215,"[[5,3],0,8,12,6,0,6]","[[6,2],0,8,12,6,0,6]","[[6,2],0,8,12,6,0,6]",1,true,true,false
gsv2-015,1000000,general-search-v1,dfs,true,true,,budget_exhausted,582871,0,582871,582871,0,0,0.582871,"[[6,2],0,8,12,6,0,6]","[[6,2],0,8,12,6,0,6]",,0,false,false,true
gsv2-015,1000000,general-search-v1,post_repair,true,true,,no_improvement,200000,0,200000,200000,0,192,0.2,"[[6,2],0,8,12,6,0,6]","[[6,2],0,8,12,6,0,6]","[[6,2],0,8,12,6,0,6]",0,false,false,true
gsv2-015,1000000,general-search-v1,completion,false,false,skips_disabled,,0,0,0,0,0,0,0,"[[6,2],0,8,12,6,0,6]","[[6,2],0,8,12,6,0,6]",,0,false,false,false
gsv2-015,1000000,general-search-v1,refine,true,true,,completed,0,0,0,0,11200,10048,0,"[[6,2],0,8,12,6,0,6]","[[6,2],0,8,12,6,0,6]","[[6,2],0,8,12,6,0,6]",0,false,false,false
gsv2-015,1000000,general-search-v1,plateau_lns,false,false,priority_not_reached,,0,0,0,0,0,0,0,"[[6,2],0,8,12,6,0,6]","[[6,2],0,8,12,6,0,6]",,0,false,false,false
gsv2-015,1000000,general-search-v1,plateau_refine,false,false,priority_not_reached,,0,0,0,0,0,0,0,"[[6,2],0,8,12,6,0,6]","[[6,2],0,8,12,6,0,6]",,0,false,false,false
gsv2-016,250000,general-search-v1,coverage_seed,false,false,coverage_disabled,,0,62500,62500,0,0,0,0,,,,0,false,false,false
gsv2-016,250000,general-search-v1,packing_seed,true,true,,completed,21878,0,21875,21878,0,0,0.087512,,,,0,false,false,true
gsv2-016,250000,general-search-v1,star_seed,true,true,,completed,35000,0,35000,35000,0,0,0.14,,,,0,false,false,true
gsv2-016,250000,general-search-v1,constellation_seed_v1,true,true,,no_priority_constellation,5625,3750,9375,5625,0,0,0.0225,,,,0,false,false,false
gsv2-016,250000,general-search-v1,constellation_parent_frontier_hedge,false,false,,,0,0,0,0,0,0,0,,,,0,false,false,false
gsv2-016,250000,general-search-v1,pre_repair,false,false,no_seed_solution,,0,0,0,0,0,0,0,,,,0,false,false,false
gsv2-016,250000,general-search-v1,dfs,true,true,,budget_exhausted,185775,1722,187497,185775,0,164360,0.7431,,"[[6,2],1,8,17,5,0,6]","[[6,2],1,8,17,5,0,6]",2,true,false,false
gsv2-016,250000,general-search-v1,post_repair,false,false,no_budget,,0,0,0,0,0,0,0,"[[6,2],1,8,17,5,0,6]","[[6,2],1,8,17,5,0,6]",,0,false,false,false
gsv2-016,250000,general-search-v1,completion,false,false,skips_disabled,,0,0,0,0,0,0,0,"[[6,2],1,8,17,5,0,6]","[[6,2],1,8,17,5,0,6]",,0,false,false,false
gsv2-016,250000,general-search-v1,refine,true,true,,completed,0,0,0,0,10745,8916,0,"[[6,2],1,8,17,5,0,6]","[[7,2],0,9,17,6,0,7]","[[7,2],0,9,17,6,0,7]",3,true,true,false
gsv2-016,250000,general-search-v1,plateau_lns,false,false,priority_not_reached,,0,0,0,0,0,0,0,"[[7,2],0,9,17,6,0,7]","[[7,2],0,9,17,6,0,7]",,0,false,false,false
gsv2-016,250000,general-search-v1,plateau_refine,false,false,priority_not_reached,,0,0,0,0,0,0,0,"[[7,2],0,9,17,6,0,7]","[[7,2],0,9,17,6,0,7]",,0,false,false,false
gsv2-016,1000000,general-search-v1,coverage_seed,false,false,coverage_disabled,,0,250000,250000,0,0,0,0,,,,0,false,false,false
gsv2-016,1000000,general-search-v1,packing_seed,true,true,,completed,54837,32663,87500,54837,0,64,0.054837,,"[[3,3],1,6,17,4,0,4]","[[3,3],1,6,17,4,0,4]",1,true,false,false
gsv2-016,1000000,general-search-v1,star_seed,true,true,,completed,145420,10000,155420,145420,0,256,0.14542,"[[3,3],1,6,17,4,0,4]","[[7,3],1,10,17,6,0,8]","[[7,3],1,10,17,6,0,8]",1,true,true,false
gsv2-016,1000000,general-search-v1,constellation_seed_v1,true,true,,no_priority_constellation,7080,30420,37500,7080,0,0,0.00708,"[[7,3],1,10,17,6,0,8]","[[7,3],1,10,17,6,0,8]",,0,false,false,false
gsv2-016,1000000,general-search-v1,constellation_parent_frontier_hedge,false,false,,,0,0,0,0,0,0,0,"[[7,3],1,10,17,6,0,8]","[[7,3],1,10,17,6,0,8]",,0,false,false,false
gsv2-016,1000000,general-search-v1,pre_repair,true,true,,no_improvement,58334,141666,200000,58334,0,0,0.058334,"[[7,3],1,10,17,6,0,8]","[[7,3],1,10,17,6,0,8]",,0,false,false,true
gsv2-016,1000000,general-search-v1,dfs,true,true,,budget_exhausted,529564,4765,534329,529564,0,27714,0.529564,"[[7,3],1,10,17,6,0,8]","[[7,3],1,10,17,6,0,8]","[[7,3],1,10,17,6,0,8]",0,false,false,true
gsv2-016,1000000,general-search-v1,post_repair,true,true,,no_improvement,200000,0,200000,200000,0,0,0.2,"[[7,3],1,10,17,6,0,8]","[[7,3],1,10,17,6,0,8]",,0,false,false,true
gsv2-016,1000000,general-search-v1,completion,false,false,skips_disabled,,0,0,0,0,0,0,0,"[[7,3],1,10,17,6,0,8]","[[7,3],1,10,17,6,0,8]",,0,false,false,false
gsv2-016,1000000,general-search-v1,refine,true,true,,completed,0,0,0,0,3408,2976,0,"[[7,3],1,10,17,6,0,8]","[[7,3],1,10,17,6,0,8]","[[7,3],1,10,17,6,0,8]",0,false,false,false
gsv2-016,1000000,general-search-v1,plateau_lns,false,false,priority_not_reached,,0,0,0,0,0,0,0,"[[7,3],1,10,17,6,0,8]","[[7,3],1,10,17,6,0,8]",,0,false,false,false
gsv2-016,1000000,general-search-v1,plateau_refine,false,false,priority_not_reached,,0,0,0,0,0,0,0,"[[7,3],1,10,17,6,0,8]","[[7,3],1,10,17,6,0,8]",,0,false,false,false
gsv2-017,1000000,general-search-v1,coverage_seed,false,false,coverage_disabled,,0,250000,250000,0,0,0,0,,,,0,false,false,false
gsv2-017,1000000,general-search-v1,packing_seed,true,true,,completed,48287,39213,87500,48287,0,64,0.048287,,"[[4,0],0,4,18,3,0,3]","[[4,0],0,4,18,3,0,3]",1,true,false,false
gsv2-017,1000000,general-search-v1,star_seed,true,true,,completed,128623,0,128623,128623,0,0,0.128623,"[[4,0],0,4,18,3,0,3]","[[4,0],0,4,18,3,0,3]",,0,false,false,true
gsv2-017,1000000,general-search-v1,constellation_seed_v1,true,true,,completed,33877,3623,37500,33877,0,0,0.033877,"[[4,0],0,4,18,3,0,3]","[[4,0],0,4,18,3,0,3]",,0,false,false,false
gsv2-017,1000000,general-search-v1,constellation_parent_frontier_hedge,false,false,,,0,0,0,0,0,0,0,"[[4,0],0,4,18,3,0,3]","[[4,0],0,4,18,3,0,3]",,0,false,false,false
gsv2-017,1000000,general-search-v1,pre_repair,true,true,,no_improvement,170051,29949,200000,170051,0,4444,0.170051,"[[4,0],0,4,18,3,0,3]","[[6,3],1,9,18,6,0,6]","[[6,3],1,9,18,6,0,6]",12,true,true,false
gsv2-017,1000000,general-search-v1,dfs,true,true,,budget_exhausted,419162,0,419162,419162,0,2495,0.419162,"[[6,3],1,9,18,6,0,6]","[[6,3],1,9,18,6,0,6]","[[6,3],0,9,18,6,0,6]",0,false,false,true
gsv2-017,1000000,general-search-v1,post_repair,true,true,,no_improvement,127116,72884,200000,127116,0,12076,0.127116,"[[6,3],1,9,18,6,0,6]","[[6,3],1,9,18,6,0,6]","[[6,3],1,9,18,6,0,6]",0,false,false,true
gsv2-017,1000000,general-search-v1,completion,false,false,skips_disabled,,0,0,0,0,0,0,0,"[[6,3],1,9,18,6,0,6]","[[6,3],1,9,18,6,0,6]",,0,false,false,false
gsv2-017,1000000,general-search-v1,refine,true,true,,completed,0,0,0,0,7232,5840,0,"[[6,3],1,9,18,6,0,6]","[[6,3],1,9,18,6,0,6]","[[6,3],1,9,18,6,0,6]",0,false,false,false
gsv2-017,1000000,general-search-v1,plateau_lns,true,true,,no_eligible_neighborhoods,0,72884,72884,0,0,0,0,"[[6,3],1,9,18,6,0,6]","[[6,3],1,9,18,6,0,6]",,0,false,false,false
gsv2-017,1000000,general-search-v1,plateau_refine,true,true,,completed,841,49159,50000,841,0,198,0.000841,"[[6,3],1,9,18,6,0,6]","[[6,3],1,9,18,6,0,6]","[[6,3],1,9,18,6,0,6]",0,false,false,false
gsv2-018,250000,general-search-v1,coverage_seed,false,false,coverage_disabled,,0,62500,62500,0,0,0,0,,,,0,false,false,false
gsv2-018,250000,general-search-v1,packing_seed,true,true,,completed,20279,1596,21875,20279,0,32,0.081116,,"[[0,0],1,0,15,0,0,0]","[[0,0],1,0,15,0,0,0]",1,true,false,false
gsv2-018,250000,general-search-v1,star_seed,true,true,,completed,31250,0,31250,31250,0,0,0.125,"[[0,0],1,0,15,0,0,0]","[[0,0],1,0,15,0,0,0]",,0,false,false,true
gsv2-018,250000,general-search-v1,constellation_seed_v1,true,true,,completed,9375,0,9375,9375,0,0,0.0375,"[[0,0],1,0,15,0,0,0]","[[0,0],1,0,15,0,0,0]",,0,false,false,false
gsv2-018,250000,general-search-v1,constellation_parent_frontier_hedge,false,false,,,0,0,0,0,0,0,0,"[[0,0],1,0,15,0,0,0]","[[0,0],1,0,15,0,0,0]",,0,false,false,false
gsv2-018,250000,general-search-v1,pre_repair,true,true,,no_improvement,22858,27142,50000,22858,0,9462,0.091432,"[[0,0],1,0,15,0,0,0]","[[1,0],1,1,15,1,0,1]","[[1,0],1,1,15,1,0,1]",2,true,false,false
gsv2-018,250000,general-search-v1,dfs,true,true,,budget_exhausted,116238,0,116238,116238,0,52833,0.464952,"[[1,0],1,1,15,1,0,1]","[[2,0],0,2,15,2,0,2]","[[2,0],0,2,15,2,0,2]",1,true,true,false
gsv2-018,250000,general-search-v1,post_repair,true,true,,no_eligible_neighborhoods,0,50000,50000,0,0,0,0,"[[2,0],0,2,15,2,0,2]","[[2,0],0,2,15,2,0,2]",,0,false,false,false
gsv2-018,250000,general-search-v1,completion,false,false,skips_disabled,,0,0,0,0,0,0,0,"[[2,0],0,2,15,2,0,2]","[[2,0],0,2,15,2,0,2]",,0,false,false,false
gsv2-018,250000,general-search-v1,refine,true,true,,completed,0,0,0,0,1218,1218,0,"[[2,0],0,2,15,2,0,2]","[[2,0],0,2,15,2,0,2]","[[2,0],0,2,15,2,0,2]",0,false,false,false
gsv2-018,250000,general-search-v1,plateau_lns,true,true,,no_eligible_neighborhoods,0,25000,25000,0,0,0,0,"[[2,0],0,2,15,2,0,2]","[[2,0],0,2,15,2,0,2]",,0,false,false,false
gsv2-018,250000,general-search-v1,plateau_refine,true,true,,completed,2920,9580,12500,2920,0,2641,0.01168,"[[2,0],0,2,15,2,0,2]","[[2,0],0,2,15,2,0,2]","[[2,0],0,2,15,2,0,2]",0,false,false,false
gsv2-018,1000000,general-search-v1,coverage_seed,false,false,coverage_disabled,,0,250000,250000,0,0,0,0,,,,0,false,false,false
gsv2-018,1000000,general-search-v1,packing_seed,true,true,,completed,39228,48272,87500,39228,0,64,0.039228,,"[[0,0],1,0,15,0,0,0]","[[0,0],1,0,15,0,0,0]",1,true,false,false
gsv2-018,1000000,general-search-v1,star_seed,true,true,,completed,86208,39277,125485,86208,0,256,0.086208,"[[0,0],1,0,15,0,0,0]","[[0,0],1,0,15,0,0,0]","[[2,0],1,2,15,2,0,2]",0,false,false,true
gsv2-018,1000000,general-search-v1,constellation_seed_v1,true,true,,completed,37015,485,37500,37015,0,128,0.037015,"[[0,0],1,0,15,0,0,0]","[[2,0],1,2,15,2,0,2]","[[2,0],1,2,15,2,0,2]",1,true,true,false
gsv2-018,1000000,general-search-v1,constellation_parent_frontier_hedge,false,false,,,0,0,0,0,0,0,0,"[[2,0],1,2,15,2,0,2]","[[2,0],1,2,15,2,0,2]",,0,false,false,false
gsv2-018,1000000,general-search-v1,pre_repair,true,true,,no_eligible_neighborhoods,0,200000,200000,0,0,0,0,"[[2,0],1,2,15,2,0,2]","[[2,0],1,2,15,2,0,2]",,0,false,false,false
gsv2-018,1000000,general-search-v1,dfs,true,true,,budget_exhausted,637549,0,637549,637549,0,189900,0.637549,"[[2,0],1,2,15,2,0,2]","[[2,0],1,2,15,2,0,2]","[[2,0],1,2,15,2,0,2]",0,false,false,true
gsv2-018,1000000,general-search-v1,post_repair,true,true,,no_eligible_neighborhoods,0,200000,200000,0,0,0,0,"[[2,0],1,2,15,2,0,2]","[[2,0],1,2,15,2,0,2]",,0,false,false,false
gsv2-018,1000000,general-search-v1,completion,false,false,skips_disabled,,0,0,0,0,0,0,0,"[[2,0],1,2,15,2,0,2]","[[2,0],1,2,15,2,0,2]",,0,false,false,false
gsv2-018,1000000,general-search-v1,refine,true,true,,completed,0,0,0,0,1532,1532,0,"[[2,0],1,2,15,2,0,2]","[[2,0],1,2,15,2,0,2]","[[2,0],1,2,15,2,0,2]",0,false,false,false
gsv2-018,1000000,general-search-v1,plateau_lns,true,true,,no_eligible_neighborhoods,0,100000,100000,0,0,0,0,"[[2,0],1,2,15,2,0,2]","[[2,0],1,2,15,2,0,2]",,0,false,false,false
gsv2-018,1000000,general-search-v1,plateau_refine,true,true,,completed,292,49708,50000,292,0,267,0.000292,"[[2,0],1,2,15,2,0,2]","[[2,0],1,2,15,2,0,2]","[[2,0],1,2,15,2,0,2]",0,false,false,false
gsv2-019,250000,general-search-v1,coverage_seed,false,false,coverage_disabled,,0,62500,62500,0,0,0,0,,,,0,false,false,false
gsv2-019,250000,general-search-v1,packing_seed,true,true,,completed,19325,2550,21875,19325,0,32,0.0773,,"[[2,1],0,3,20,3,0,3]","[[2,1],0,3,20,3,0,3]",1,true,false,false
gsv2-019,250000,general-search-v1,star_seed,true,true,,completed,31250,0,31250,31250,0,0,0.125,"[[2,1],0,3,20,3,0,3]","[[2,1],0,3,20,3,0,3]",,0,false,false,true
gsv2-019,250000,general-search-v1,constellation_seed_v1,true,true,,completed,9375,0,9375,9375,0,0,0.0375,"[[2,1],0,3,20,3,0,3]","[[2,1],0,3,20,3,0,3]",,0,false,false,false
gsv2-019,250000,general-search-v1,constellation_parent_frontier_hedge,false,false,,,0,0,0,0,0,0,0,"[[2,1],0,3,20,3,0,3]","[[2,1],0,3,20,3,0,3]",,0,false,false,false
gsv2-019,250000,general-search-v1,pre_repair,true,true,,no_remaining_neighborhoods,34528,15472,50000,34528,0,2592,0.138112,"[[2,1],0,3,20,3,0,3]","[[3,2],0,5,20,5,0,5]","[[3,2],0,5,20,5,0,5]",3,true,true,false
gsv2-019,250000,general-search-v1,dfs,true,true,,budget_exhausted,103666,1856,105522,103666,0,60892,0.414664,"[[3,2],0,5,20,5,0,5]","[[3,2],0,5,20,5,0,5]","[[3,2],0,5,20,5,0,5]",0,false,false,true
gsv2-019,250000,general-search-v1,post_repair,true,true,,no_remaining_neighborhoods,25625,24375,50000,25625,0,849,0.1025,"[[3,2],0,5,20,5,0,5]","[[3,2],0,5,20,5,0,5]","[[3,2],0,5,20,5,0,5]",0,false,false,true
gsv2-019,250000,general-search-v1,completion,false,false,skips_disabled,,0,0,0,0,0,0,0,"[[3,2],0,5,20,5,0,5]","[[3,2],0,5,20,5,0,5]",,0,false,false,false
gsv2-019,250000,general-search-v1,refine,true,true,,completed,0,0,0,0,11379,11379,0,"[[3,2],0,5,20,5,0,5]","[[3,2],0,5,20,5,0,5]","[[3,2],0,5,20,5,0,5]",0,false,false,false
gsv2-019,250000,general-search-v1,plateau_lns,true,true,,completed,25000,0,25000,25000,0,12322,0.1,"[[3,2],0,5,20,5,0,5]","[[3,2],0,5,20,5,0,5]","[[3,2],0,5,20,5,0,5]",0,false,false,true
gsv2-019,250000,general-search-v1,plateau_refine,true,true,,completed,1231,0,1231,1231,0,733,0.004924,"[[3,2],0,5,20,5,0,5]","[[3,2],0,5,20,5,0,5]","[[3,2],0,5,20,5,0,5]",0,false,false,false
gsv2-019,1000000,general-search-v1,coverage_seed,false,false,coverage_disabled,,0,250000,250000,0,0,0,0,,,,0,false,false,false
gsv2-019,1000000,general-search-v1,packing_seed,true,true,,completed,37795,49705,87500,37795,0,64,0.037795,,"[[2,1],0,3,20,3,0,3]","[[2,1],0,3,20,3,0,3]",1,true,false,false
gsv2-019,1000000,general-search-v1,star_seed,true,true,,completed,125000,0,125000,125000,0,0,0.125,"[[2,1],0,3,20,3,0,3]","[[2,1],0,3,20,3,0,3]",,0,false,false,true
gsv2-019,1000000,general-search-v1,constellation_seed_v1,true,true,,completed,37500,0,37500,37500,0,0,0.0375,"[[2,1],0,3,20,3,0,3]","[[2,1],0,3,20,3,0,3]",,0,false,false,false
gsv2-019,1000000,general-search-v1,constellation_parent_frontier_hedge,false,false,,,0,0,0,0,0,0,0,"[[2,1],0,3,20,3,0,3]","[[2,1],0,3,20,3,0,3]",,0,false,false,false
gsv2-019,1000000,general-search-v1,pre_repair,true,true,,no_improvement,177635,22365,200000,177635,0,161668,0.177635,"[[2,1],0,3,20,3,0,3]","[[3,0],0,3,20,3,0,3]","[[3,0],0,3,20,3,0,3]",1,true,false,false
gsv2-019,1000000,general-search-v1,dfs,true,true,,budget_exhausted,386338,35732,422070,386338,0,327195,0.386338,"[[3,0],0,3,20,3,0,3]","[[3,1],0,4,20,4,0,4]","[[3,1],0,4,20,4,0,4]",1,true,false,false
gsv2-019,1000000,general-search-v1,post_repair,true,true,,no_improvement,162328,37672,200000,162328,0,80358,0.162328,"[[3,1],0,4,20,4,0,4]","[[3,2],0,5,20,5,0,5]","[[3,2],0,5,20,5,0,5]",1,true,true,false
gsv2-019,1000000,general-search-v1,completion,false,false,skips_disabled,,0,0,0,0,0,0,0,"[[3,2],0,5,20,5,0,5]","[[3,2],0,5,20,5,0,5]",,0,false,false,false
gsv2-019,1000000,general-search-v1,refine,true,true,,completed,0,0,0,0,10040,10040,0,"[[3,2],0,5,20,5,0,5]","[[3,2],0,5,20,5,0,5]","[[3,2],0,5,20,5,0,5]",0,false,false,false
gsv2-019,1000000,general-search-v1,plateau_lns,true,true,,completed,73404,0,73404,73404,0,65080,0.073404,"[[3,2],0,5,20,5,0,5]","[[3,2],0,5,20,5,0,5]","[[3,2],0,5,20,5,0,5]",0,false,false,true
gsv2-019,1000000,general-search-v1,plateau_refine,false,false,no_budget,,0,0,0,0,0,0,0,"[[3,2],0,5,20,5,0,5]","[[3,2],0,5,20,5,0,5]",,0,false,false,false
gsv2-020,250000,general-search-v1,coverage_seed,false,false,coverage_disabled,,0,62500,62500,0,0,0,0,,,,0,false,false,false
gsv2-020,250000,general-search-v1,packing_seed,true,true,,completed,15671,6204,21875,15671,0,32,0.062684,,"[[3,1],1,4,18,3,0,3]","[[3,1],1,4,18,3,0,3]",1,true,false,false
gsv2-020,250000,general-search-v1,star_seed,true,true,,completed,35000,0,35000,35000,0,0,0.14,"[[3,1],1,4,18,3,0,3]","[[3,1],1,4,18,3,0,3]",,0,false,false,true
gsv2-020,250000,general-search-v1,constellation_seed_v1,true,true,,no_priority_constellation,5625,3750,9375,5625,0,0,0.0225,"[[3,1],1,4,18,3,0,3]","[[3,1],1,4,18,3,0,3]",,0,false,false,false
gsv2-020,250000,general-search-v1,constellation_parent_frontier_hedge,false,false,,,0,0,0,0,0,0,0,"[[3,1],1,4,18,3,0,3]","[[3,1],1,4,18,3,0,3]",,0,false,false,false
gsv2-020,250000,general-search-v1,pre_repair,true,true,,no_improvement,19212,30788,50000,19212,0,608,0.076848,"[[3,1],1,4,18,3,0,3]","[[4,3],0,7,18,6,0,7]","[[4,3],0,7,18,6,0,7]",6,true,false,false
gsv2-020,250000,general-search-v1,dfs,true,true,,budget_exhausted,124492,0,124492,124492,0,2286,0.497968,"[[4,3],0,7,18,6,0,7]","[[4,4],0,8,18,6,0,7]","[[4,4],0,8,18,6,0,7]",1,true,true,false
gsv2-020,250000,general-search-v1,post_repair,true,true,,no_eligible_neighborhoods,0,50000,50000,0,0,0,0,"[[4,4],0,8,18,6,0,7]","[[4,4],0,8,18,6,0,7]",,0,false,false,false
gsv2-020,250000,general-search-v1,completion,false,false,skips_disabled,,0,0,0,0,0,0,0,"[[4,4],0,8,18,6,0,7]","[[4,4],0,8,18,6,0,7]",,0,false,false,false
gsv2-020,250000,general-search-v1,refine,true,true,,completed,0,0,0,0,896,896,0,"[[4,4],0,8,18,6,0,7]","[[4,4],0,8,18,6,0,7]","[[4,4],0,8,18,6,0,7]",0,false,false,false
gsv2-020,250000,general-search-v1,plateau_lns,true,true,,no_eligible_neighborhoods,0,25000,25000,0,0,0,0,"[[4,4],0,8,18,6,0,7]","[[4,4],0,8,18,6,0,7]",,0,false,false,false
gsv2-020,250000,general-search-v1,plateau_refine,true,true,,completed,743,11757,12500,743,0,148,0.002972,"[[4,4],0,8,18,6,0,7]","[[4,4],0,8,18,6,0,7]","[[4,4],0,8,18,6,0,7]",0,false,false,false
gsv2-020,1000000,general-search-v1,coverage_seed,false,false,coverage_disabled,,0,250000,250000,0,0,0,0,,,,0,false,false,false
gsv2-020,1000000,general-search-v1,packing_seed,true,true,,completed,30206,57294,87500,30206,0,64,0.030206,,"[[3,1],1,4,18,3,0,3]","[[3,1],1,4,18,3,0,3]",1,true,false,false
gsv2-020,1000000,general-search-v1,star_seed,true,true,,completed,86184,63170,149354,86184,0,76,0.086184,"[[3,1],1,4,18,3,0,3]","[[3,1],1,4,18,3,0,3]","[[4,4],0,8,18,6,0,8]",0,false,false,true
gsv2-020,1000000,general-search-v1,constellation_seed_v1,true,true,,completed,13146,24354,37500,13146,0,155,0.013146,"[[3,1],1,4,18,3,0,3]","[[4,4],0,8,18,6,0,8]","[[4,4],0,8,18,6,0,8]",1,true,true,false
gsv2-020,1000000,general-search-v1,constellation_parent_frontier_hedge,false,false,,,0,0,0,0,0,0,0,"[[4,4],0,8,18,6,0,8]","[[4,4],0,8,18,6,0,8]",,0,false,false,false
gsv2-020,1000000,general-search-v1,pre_repair,true,true,,no_eligible_neighborhoods,0,200000,200000,0,0,0,0,"[[4,4],0,8,18,6,0,8]","[[4,4],0,8,18,6,0,8]",,0,false,false,false
gsv2-020,1000000,general-search-v1,dfs,true,true,,budget_exhausted,670464,0,670464,670464,0,1444,0.670464,"[[4,4],0,8,18,6,0,8]","[[4,4],0,8,18,6,0,8]","[[4,4],0,8,18,6,0,8]",0,false,false,true
gsv2-020,1000000,general-search-v1,post_repair,true,true,,no_eligible_neighborhoods,0,200000,200000,0,0,0,0,"[[4,4],0,8,18,6,0,8]","[[4,4],0,8,18,6,0,8]",,0,false,false,false
gsv2-020,1000000,general-search-v1,completion,false,false,skips_disabled,,0,0,0,0,0,0,0,"[[4,4],0,8,18,6,0,8]","[[4,4],0,8,18,6,0,8]",,0,false,false,false
gsv2-020,1000000,general-search-v1,refine,true,true,,completed,0,0,0,0,1674,1466,0,"[[4,4],0,8,18,6,0,8]","[[4,4],0,8,18,6,0,8]","[[4,4],0,8,18,6,0,8]",0,false,false,false
gsv2-020,1000000,general-search-v1,plateau_lns,true,true,,no_eligible_neighborhoods,0,100000,100000,0,0,0,0,"[[4,4],0,8,18,6,0,8]","[[4,4],0,8,18,6,0,8]",,0,false,false,false
gsv2-020,1000000,general-search-v1,plateau_refine,true,true,,completed,815,49185,50000,815,0,140,0.000815,"[[4,4],0,8,18,6,0,8]","[[4,4],0,8,18,6,0,8]","[[4,4],0,8,18,6,0,8]",0,false,false,false
gsv2-021,250000,general-search-v1,coverage_seed,false,false,coverage_disabled,,0,62500,62500,0,0,0,0,,,,0,false,false,false
gsv2-021,250000,general-search-v1,packing_seed,true,true,,completed,14783,7092,21875,14783,0,32,0.059132,,"[[8,3],0,11,21,5,0,7]","[[8,3],0,11,21,5,0,7]",1,true,false,false
gsv2-021,250000,general-search-v1,star_seed,true,true,,completed,35000,0,35000,35000,0,0,0.14,"[[8,3],0,11,21,5,0,7]","[[8,3],0,11,21,5,0,7]",,0,false,false,true
gsv2-021,250000,general-search-v1,constellation_seed_v1,true,true,,no_priority_constellation,5625,3750,9375,5625,0,0,0.0225,"[[8,3],0,11,21,5,0,7]","[[8,3],0,11,21,5,0,7]",,0,false,false,false
gsv2-021,250000,general-search-v1,constellation_parent_frontier_hedge,false,false,,,0,0,0,0,0,0,0,"[[8,3],0,11,21,5,0,7]","[[8,3],0,11,21,5,0,7]",,0,false,false,false
gsv2-021,250000,general-search-v1,pre_repair,true,true,,no_remaining_neighborhoods,22175,27825,50000,22175,0,383,0.0887,"[[8,3],0,11,21,5,0,7]","[[9,4],0,13,21,6,0,9]","[[9,4],0,13,21,6,0,9]",3,true,false,false
gsv2-021,250000,general-search-v1,dfs,true,true,,budget_exhausted,122417,0,122417,122417,0,1901,0.489668,"[[9,4],0,13,21,6,0,9]","[[10,3],0,13,21,6,0,8]","[[10,3],0,13,21,6,0,8]",1,true,true,false
gsv2-021,250000,general-search-v1,post_repair,true,true,,no_improvement,48968,1032,50000,48968,0,404,0.195872,"[[10,3],0,13,21,6,0,8]","[[10,3],0,13,21,6,0,8]","[[10,3],0,13,21,6,0,8]",0,false,false,true
gsv2-021,250000,general-search-v1,completion,false,false,skips_disabled,,0,0,0,0,0,0,0,"[[10,3],0,13,21,6,0,8]","[[10,3],0,13,21,6,0,8]",,0,false,false,false
gsv2-021,250000,general-search-v1,refine,true,true,,completed,0,0,0,0,1840,1296,0,"[[10,3],0,13,21,6,0,8]","[[10,3],0,13,21,6,0,8]","[[10,3],0,13,21,6,0,8]",0,false,false,false
gsv2-021,250000,general-search-v1,plateau_lns,false,false,priority_not_reached,,0,0,0,0,0,0,0,"[[10,3],0,13,21,6,0,8]","[[10,3],0,13,21,6,0,8]",,0,false,false,false
gsv2-021,250000,general-search-v1,plateau_refine,false,false,priority_not_reached,,0,0,0,0,0,0,0,"[[10,3],0,13,21,6,0,8]","[[10,3],0,13,21,6,0,8]",,0,false,false,false
gsv2-021,1000000,general-search-v1,coverage_seed,false,false,coverage_disabled,,0,250000,250000,0,0,0,0,,,,0,false,false,false
gsv2-021,1000000,general-search-v1,packing_seed,true,true,,completed,28765,58735,87500,28765,0,64,0.028765,,"[[6,3],0,9,21,5,0,7]","[[6,3],0,9,21,5,0,7]",1,true,false,false
gsv2-021,1000000,general-search-v1,star_seed,true,true,,completed,128612,26138,154750,128612,0,0,0.128612,"[[6,3],0,9,21,5,0,7]","[[6,3],0,9,21,5,0,7]",,0,false,false,true
gsv2-021,1000000,general-search-v1,constellation_seed_v1,true,true,,no_priority_constellation,7750,29750,37500,7750,0,0,0.00775,"[[6,3],0,9,21,5,0,7]","[[6,3],0,9,21,5,0,7]",,0,false,false,false
gsv2-021,1000000,general-search-v1,constellation_parent_frontier_hedge,false,false,,,0,0,0,0,0,0,0,"[[6,3],0,9,21,5,0,7]","[[6,3],0,9,21,5,0,7]",,0,false,false,false
gsv2-021,1000000,general-search-v1,pre_repair,true,true,,no_remaining_neighborhoods,116753,83247,200000,116753,0,2578,0.116753,"[[6,3],0,9,21,5,0,7]","[[10,3],0,13,21,6,0,8]","[[10,3],0,13,21,6,0,8]",9,true,true,false
gsv2-021,1000000,general-search-v1,dfs,true,true,,budget_exhausted,518120,0,518120,518120,0,194230,0.51812,"[[10,3],0,13,21,6,0,8]","[[10,3],0,13,21,6,0,8]","[[10,3],0,13,21,6,0,8]",0,false,false,true
gsv2-021,1000000,general-search-v1,post_repair,true,true,,no_improvement,88176,111824,200000,88176,0,246,0.088176,"[[10,3],0,13,21,6,0,8]","[[10,3],0,13,21,6,0,8]","[[10,3],0,13,21,6,0,8]",0,false,false,true
gsv2-021,1000000,general-search-v1,completion,false,false,skips_disabled,,0,0,0,0,0,0,0,"[[10,3],0,13,21,6,0,8]","[[10,3],0,13,21,6,0,8]",,0,false,false,false
gsv2-021,1000000,general-search-v1,refine,true,true,,completed,0,0,0,0,1760,1200,0,"[[10,3],0,13,21,6,0,8]","[[10,3],0,13,21,6,0,8]","[[10,3],0,13,21,6,0,8]",0,false,false,false
gsv2-021,1000000,general-search-v1,plateau_lns,false,false,priority_not_reached,,0,0,0,0,0,0,0,"[[10,3],0,13,21,6,0,8]","[[10,3],0,13,21,6,0,8]",,0,false,false,false
gsv2-021,1000000,general-search-v1,plateau_refine,false,false,priority_not_reached,,0,0,0,0,0,0,0,"[[10,3],0,13,21,6,0,8]","[[10,3],0,13,21,6,0,8]",,0,false,false,false
gsv2-022,250000,general-search-v1,coverage_seed,false,false,coverage_disabled,,0,62500,62500,0,0,0,0,,,,0,false,false,false
gsv2-022,250000,general-search-v1,packing_seed,true,true,,completed,17141,4734,21875,17141,0,32,0.068564,,"[[2,0],0,2,17,1,0,1]","[[2,0],0,2,17,1,0,1]",1,true,false,false
gsv2-022,250000,general-search-v1,star_seed,true,true,,completed,36161,0,36161,36161,0,0,0.144644,"[[2,0],0,2,17,1,0,1]","[[2,0],0,2,17,1,0,1]",,0,false,false,true
gsv2-022,250000,general-search-v1,constellation_seed_v1,true,true,,no_priority_constellation,4464,4911,9375,4464,0,0,0.017856,"[[2,0],0,2,17,1,0,1]","[[2,0],0,2,17,1,0,1]",,0,false,false,false
gsv2-022,250000,general-search-v1,constellation_parent_frontier_hedge,false,false,,,0,0,0,0,0,0,0,"[[2,0],0,2,17,1,0,1]","[[2,0],0,2,17,1,0,1]",,0,false,false,false
gsv2-022,250000,general-search-v1,pre_repair,true,true,,no_improvement,20392,29608,50000,20392,0,788,0.081568,"[[2,0],0,2,17,1,0,1]","[[5,2],0,7,17,5,0,7]","[[5,2],0,7,17,5,0,7]",4,true,false,false
gsv2-022,250000,general-search-v1,dfs,true,true,,budget_exhausted,121842,0,121842,121842,0,9746,0.487368,"[[5,2],0,7,17,5,0,7]","[[5,2],0,7,17,6,0,7]","[[5,2],0,7,17,6,0,7]",1,true,true,false
gsv2-022,250000,general-search-v1,post_repair,true,true,,no_improvement,16667,33333,50000,16667,0,10,0.066668,"[[5,2],0,7,17,6,0,7]","[[5,2],0,7,17,6,0,7]","[[5,2],0,7,17,6,0,7]",0,false,false,true
gsv2-022,250000,general-search-v1,completion,false,false,skips_disabled,,0,0,0,0,0,0,0,"[[5,2],0,7,17,6,0,7]","[[5,2],0,7,17,6,0,7]",,0,false,false,false
gsv2-022,250000,general-search-v1,refine,true,true,,completed,0,0,0,0,4832,4272,0,"[[5,2],0,7,17,6,0,7]","[[5,2],0,7,17,6,0,7]","[[5,2],0,7,17,6,0,7]",0,false,false,false
gsv2-022,250000,general-search-v1,plateau_lns,false,false,priority_not_reached,,0,0,0,0,0,0,0,"[[5,2],0,7,17,6,0,7]","[[5,2],0,7,17,6,0,7]",,0,false,false,false
gsv2-022,250000,general-search-v1,plateau_refine,false,false,priority_not_reached,,0,0,0,0,0,0,0,"[[5,2],0,7,17,6,0,7]","[[5,2],0,7,17,6,0,7]",,0,false,false,false
gsv2-022,1000000,general-search-v1,coverage_seed,false,false,coverage_disabled,,0,250000,250000,0,0,0,0,,,,0,false,false,false
gsv2-022,1000000,general-search-v1,packing_seed,true,true,,completed,33400,54100,87500,33400,0,64,0.0334,,"[[2,0],0,2,17,1,0,1]","[[2,0],0,2,17,1,0,1]",1,true,false,false
gsv2-022,1000000,general-search-v1,star_seed,true,true,,completed,88242,69794,158036,88242,0,256,0.088242,"[[2,0],0,2,17,1,0,1]","[[4,2],0,6,17,5,0,6]","[[4,2],0,6,17,5,0,6]",1,true,false,false
gsv2-022,1000000,general-search-v1,constellation_seed_v1,true,true,,no_priority_constellation,4464,33036,37500,4464,0,0,0.004464,"[[4,2],0,6,17,5,0,6]","[[4,2],0,6,17,5,0,6]",,0,false,false,false
gsv2-022,1000000,general-search-v1,constellation_parent_frontier_hedge,false,false,,,0,0,0,0,0,0,0,"[[4,2],0,6,17,5,0,6]","[[4,2],0,6,17,5,0,6]",,0,false,false,false
gsv2-022,1000000,general-search-v1,pre_repair,true,true,,no_improvement,156300,43700,200000,156300,0,478,0.1563,"[[4,2],0,6,17,5,0,6]","[[5,3],0,8,17,6,0,8]","[[5,3],0,8,17,6,0,8]",5,true,true,false
gsv2-022,1000000,general-search-v1,dfs,true,true,,budget_exhausted,517594,0,517594,517594,0,5581,0.517594,"[[5,3],0,8,17,6,0,8]","[[5,3],0,8,17,6,0,8]","[[5,3],0,8,17,6,0,8]",0,false,false,true
gsv2-022,1000000,general-search-v1,post_repair,true,true,,no_improvement,60000,140000,200000,60000,0,8,0.06,"[[5,3],0,8,17,6,0,8]","[[5,3],0,8,17,6,0,8]","[[5,3],0,8,17,6,0,8]",0,false,false,true
gsv2-022,1000000,general-search-v1,completion,false,false,skips_disabled,,0,0,0,0,0,0,0,"[[5,3],0,8,17,6,0,8]","[[5,3],0,8,17,6,0,8]",,0,false,false,false
gsv2-022,1000000,general-search-v1,refine,true,true,,completed,0,0,0,0,656,560,0,"[[5,3],0,8,17,6,0,8]","[[5,3],0,8,17,6,0,8]","[[5,3],0,8,17,6,0,8]",0,false,false,false
gsv2-022,1000000,general-search-v1,plateau_lns,false,false,priority_not_reached,,0,0,0,0,0,0,0,"[[5,3],0,8,17,6,0,8]","[[5,3],0,8,17,6,0,8]",,0,false,false,false
gsv2-022,1000000,general-search-v1,plateau_refine,false,false,priority_not_reached,,0,0,0,0,0,0,0,"[[5,3],0,8,17,6,0,8]","[[5,3],0,8,17,6,0,8]",,0,false,false,false
gsv2-023,250000,general-search-v1,coverage_seed,false,false,coverage_disabled,,0,62500,62500,0,0,0,0,,,,0,false,false,false
gsv2-023,250000,general-search-v1,packing_seed,true,true,,completed,21876,0,21875,21876,0,0,0.087504,,,,0,false,false,true
gsv2-023,250000,general-search-v1,star_seed,true,true,,completed,35000,0,35000,35000,0,0,0.14,,,,0,false,false,true
gsv2-023,250000,general-search-v1,constellation_seed_v1,true,true,,no_priority_constellation,5625,3750,9375,5625,0,0,0.0225,,,,0,false,false,false
gsv2-023,250000,general-search-v1,constellation_parent_frontier_hedge,false,false,,,0,0,0,0,0,0,0,,,,0,false,false,false
gsv2-023,250000,general-search-v1,pre_repair,false,false,no_seed_solution,,0,0,0,0,0,0,0,,,,0,false,false,false
gsv2-023,250000,general-search-v1,dfs,true,true,,budget_exhausted,187499,0,187499,187499,0,137919,0.749996,,"[[4,1],0,5,14,4,0,5]","[[4,1],0,5,14,4,0,5]",3,true,false,false
gsv2-023,250000,general-search-v1,post_repair,false,false,no_budget,,0,0,0,0,0,0,0,"[[4,1],0,5,14,4,0,5]","[[4,1],0,5,14,4,0,5]",,0,false,false,false
gsv2-023,250000,general-search-v1,completion,false,false,skips_disabled,,0,0,0,0,0,0,0,"[[4,1],0,5,14,4,0,5]","[[4,1],0,5,14,4,0,5]",,0,false,false,false
gsv2-023,250000,general-search-v1,refine,true,true,,completed,0,0,0,0,23767,16969,0,"[[4,1],0,5,14,4,0,5]","[[4,3],0,7,14,6,0,7]","[[4,3],0,7,14,6,0,7]",5,true,true,false
gsv2-023,250000,general-search-v1,plateau_lns,false,false,priority_not_reached,,0,0,0,0,0,0,0,"[[4,3],0,7,14,6,0,7]","[[4,3],0,7,14,6,0,7]",,0,false,false,false
gsv2-023,250000,general-search-v1,plateau_refine,false,false,priority_not_reached,,0,0,0,0,0,0,0,"[[4,3],0,7,14,6,0,7]","[[4,3],0,7,14,6,0,7]",,0,false,false,false
gsv2-023,1000000,general-search-v1,coverage_seed,false,false,coverage_disabled,,0,250000,250000,0,0,0,0,,,,0,false,false,false
gsv2-023,1000000,general-search-v1,packing_seed,true,true,,completed,54855,32645,87500,54855,0,64,0.054855,,"[[2,1],0,3,14,3,0,3]","[[2,1],0,3,14,3,0,3]",1,true,false,false
gsv2-023,1000000,general-search-v1,star_seed,true,true,,completed,151187,0,151187,151187,0,0,0.151187,"[[2,1],0,3,14,3,0,3]","[[2,1],0,3,14,3,0,3]",,0,false,false,true
gsv2-023,1000000,general-search-v1,constellation_seed_v1,true,true,,no_priority_constellation,11313,26187,37500,11313,0,0,0.011313,"[[2,1],0,3,14,3,0,3]","[[2,1],0,3,14,3,0,3]",,0,false,false,false
gsv2-023,1000000,general-search-v1,constellation_parent_frontier_hedge,false,false,,,0,0,0,0,0,0,0,"[[2,1],0,3,14,3,0,3]","[[2,1],0,3,14,3,0,3]",,0,false,false,false
gsv2-023,1000000,general-search-v1,pre_repair,true,true,,budget_exhausted,200000,0,200000,200000,0,1820,0.2,"[[2,1],0,3,14,3,0,3]","[[4,3],0,7,14,6,0,7]","[[4,3],0,7,14,6,0,7]",5,true,false,false
gsv2-023,1000000,general-search-v1,dfs,true,true,,budget_exhausted,382645,0,382645,382645,0,9617,0.382645,"[[4,3],0,7,14,6,0,7]","[[4,3],0,7,14,6,0,7]","[[4,3],0,7,14,6,0,6]",0,false,false,true
gsv2-023,1000000,general-search-v1,post_repair,true,true,,no_improvement,200000,0,200000,200000,0,956,0.2,"[[4,3],0,7,14,6,0,7]","[[4,3],0,7,14,6,0,7]","[[4,3],0,7,14,6,0,7]",0,false,false,true
gsv2-023,1000000,general-search-v1,completion,false,false,skips_disabled,,0,0,0,0,0,0,0,"[[4,3],0,7,14,6,0,7]","[[4,3],0,7,14,6,0,7]",,0,false,false,false
gsv2-023,1000000,general-search-v1,refine,true,true,,completed,0,0,0,0,24448,17408,0,"[[4,3],0,7,14,6,0,7]","[[4,4],0,8,14,6,0,8]","[[4,4],0,8,14,6,0,8]",1,true,true,false
gsv2-023,1000000,general-search-v1,plateau_lns,false,false,priority_not_reached,,0,0,0,0,0,0,0,"[[4,4],0,8,14,6,0,8]","[[4,4],0,8,14,6,0,8]",,0,false,false,false
gsv2-023,1000000,general-search-v1,plateau_refine,false,false,priority_not_reached,,0,0,0,0,0,0,0,"[[4,4],0,8,14,6,0,8]","[[4,4],0,8,14,6,0,8]",,0,false,false,false
gsv2-024,250000,general-search-v1,coverage_seed,false,false,coverage_disabled,,0,62500,62500,0,0,0,0,,,,0,false,false,false
gsv2-024,250000,general-search-v1,packing_seed,true,true,,completed,21875,0,21875,21875,0,0,0.0875,,,,0,false,false,true
gsv2-024,250000,general-search-v1,star_seed,true,true,,completed,35000,0,35000,35000,0,0,0.14,,,,0,false,false,true
gsv2-024,250000,general-search-v1,constellation_seed_v1,true,true,,no_priority_constellation,5625,3750,9375,5625,0,0,0.0225,,,,0,false,false,false
gsv2-024,250000,general-search-v1,constellation_parent_frontier_hedge,false,false,,,0,0,0,0,0,0,0,,,,0,false,false,false
gsv2-024,250000,general-search-v1,pre_repair,false,false,no_seed_solution,,0,0,0,0,0,0,0,,,,0,false,false,false
gsv2-024,250000,general-search-v1,dfs,true,true,,budget_exhausted,187500,0,187500,187500,0,105868,0.75,,"[[1,2],1,3,33,3,0,3]","[[1,2],1,3,33,3,0,3]",3,true,false,false
gsv2-024,250000,general-search-v1,post_repair,false,false,no_budget,,0,0,0,0,0,0,0,"[[1,2],1,3,33,3,0,3]","[[1,2],1,3,33,3,0,3]",,0,false,false,false
gsv2-024,250000,general-search-v1,completion,false,false,skips_disabled,,0,0,0,0,0,0,0,"[[1,2],1,3,33,3,0,3]","[[1,2],1,3,33,3,0,3]",,0,false,false,false
gsv2-024,250000,general-search-v1,refine,true,true,,completed,0,0,0,0,3073,3073,0,"[[1,2],1,3,33,3,0,3]","[[2,2],1,4,33,4,0,4]","[[2,2],1,4,33,4,0,4]",1,true,true,false
gsv2-024,250000,general-search-v1,plateau_lns,false,false,priority_not_reached,,0,0,0,0,0,0,0,"[[2,2],1,4,33,4,0,4]","[[2,2],1,4,33,4,0,4]",,0,false,false,false
gsv2-024,250000,general-search-v1,plateau_refine,false,false,priority_not_reached,,0,0,0,0,0,0,0,"[[2,2],1,4,33,4,0,4]","[[2,2],1,4,33,4,0,4]",,0,false,false,false
gsv2-024,1000000,general-search-v1,coverage_seed,false,false,coverage_disabled,,0,250000,250000,0,0,0,0,,,,0,false,false,false
gsv2-024,1000000,general-search-v1,packing_seed,true,true,,completed,43681,43819,87500,43681,0,15,0.043681,,"[[0,3],1,3,33,3,0,3]","[[0,3],1,3,33,3,0,3]",1,true,false,false
gsv2-024,1000000,general-search-v1,star_seed,true,true,,completed,125000,0,125000,125000,0,0,0.125,"[[0,3],1,3,33,3,0,3]","[[0,3],1,3,33,3,0,3]",,0,false,false,true
gsv2-024,1000000,general-search-v1,constellation_seed_v1,true,true,,completed,37500,0,37500,37500,0,0,0.0375,"[[0,3],1,3,33,3,0,3]","[[0,3],1,3,33,3,0,3]",,0,false,false,false
gsv2-024,1000000,general-search-v1,constellation_parent_frontier_hedge,false,false,,,0,0,0,0,0,0,0,"[[0,3],1,3,33,3,0,3]","[[0,3],1,3,33,3,0,3]",,0,false,false,false
gsv2-024,1000000,general-search-v1,pre_repair,true,true,,no_improvement,76996,123004,200000,76996,0,12322,0.076996,"[[0,3],1,3,33,3,0,3]","[[3,3],1,6,33,6,0,6]","[[3,3],1,6,33,6,0,6]",8,true,true,false
gsv2-024,1000000,general-search-v1,dfs,true,true,,budget_exhausted,506223,10600,516823,506223,0,136666,0.506223,"[[3,3],1,6,33,6,0,6]","[[3,3],1,6,33,6,0,6]","[[3,3],1,6,33,6,0,6]",0,false,false,true
gsv2-024,1000000,general-search-v1,post_repair,true,true,,no_improvement,93083,106917,200000,93083,0,6744,0.093083,"[[3,3],1,6,33,6,0,6]","[[3,3],1,6,33,6,0,6]","[[3,3],1,6,33,6,0,6]",0,false,false,true
gsv2-024,1000000,general-search-v1,completion,false,false,skips_disabled,,0,0,0,0,0,0,0,"[[3,3],1,6,33,6,0,6]","[[3,3],1,6,33,6,0,6]",,0,false,false,false
gsv2-024,1000000,general-search-v1,refine,true,true,,completed,0,0,0,0,1056,1056,0,"[[3,3],1,6,33,6,0,6]","[[3,3],1,6,33,6,0,6]","[[3,3],1,6,33,6,0,6]",0,false,false,false
gsv2-024,1000000,general-search-v1,plateau_lns,true,true,,no_eligible_neighborhoods,0,100000,100000,0,0,0,0,"[[3,3],1,6,33,6,0,6]","[[3,3],1,6,33,6,0,6]",,0,false,false,false
gsv2-024,1000000,general-search-v1,plateau_refine,true,true,,completed,998,49002,50000,998,0,694,0.000998,"[[3,3],1,6,33,6,0,6]","[[3,3],1,6,33,6,0,6]","[[3,3],1,6,33,6,0,6]",0,false,false,false
gsv2-025,250000,general-search-v1,coverage_seed,false,false,coverage_disabled,,0,62500,62500,0,0,0,0,,,,0,false,false,false
gsv2-025,250000,general-search-v1,packing_seed,true,true,,completed,21877,0,21875,21877,0,0,0.087508,,,,0,false,false,true
gsv2-025,250000,general-search-v1,star_seed,true,true,,completed,31250,0,31250,31250,0,0,0.125,,,,0,false,false,true
gsv2-025,250000,general-search-v1,constellation_seed_v1,true,true,,completed,9375,0,9375,9375,0,0,0.0375,,,,0,false,false,false
gsv2-025,250000,general-search-v1,constellation_parent_frontier_hedge,false,false,,,0,0,0,0,0,0,0,,,,0,false,false,false
gsv2-025,250000,general-search-v1,pre_repair,false,false,no_seed_solution,,0,0,0,0,0,0,0,,,,0,false,false,false
gsv2-025,250000,general-search-v1,dfs,true,true,,budget_exhausted,187498,0,187498,187498,0,156383,0.749992,,"[[3,1],0,4,30,4,0,4]","[[3,1],0,4,30,4,0,4]",2,true,true,false
gsv2-025,250000,general-search-v1,post_repair,false,false,no_budget,,0,0,0,0,0,0,0,"[[3,1],0,4,30,4,0,4]","[[3,1],0,4,30,4,0,4]",,0,false,false,false
gsv2-025,250000,general-search-v1,completion,false,false,skips_disabled,,0,0,0,0,0,0,0,"[[3,1],0,4,30,4,0,4]","[[3,1],0,4,30,4,0,4]",,0,false,false,false
gsv2-025,250000,general-search-v1,refine,true,true,,completed,0,0,0,0,5995,5995,0,"[[3,1],0,4,30,4,0,4]","[[3,1],0,4,30,4,0,4]","[[3,1],0,4,30,4,0,4]",0,false,false,false
gsv2-025,250000,general-search-v1,plateau_lns,false,false,priority_not_reached,,0,0,0,0,0,0,0,"[[3,1],0,4,30,4,0,4]","[[3,1],0,4,30,4,0,4]",,0,false,false,false
gsv2-025,250000,general-search-v1,plateau_refine,false,false,priority_not_reached,,0,0,0,0,0,0,0,"[[3,1],0,4,30,4,0,4]","[[3,1],0,4,30,4,0,4]",,0,false,false,false
gsv2-025,1000000,general-search-v1,coverage_seed,false,false,coverage_disabled,,0,250000,250000,0,0,0,0,,,,0,false,false,false
gsv2-025,1000000,general-search-v1,packing_seed,true,true,,completed,45211,42289,87500,45211,0,64,0.045211,,"[[0,2],0,2,30,2,0,2]","[[0,2],0,2,30,2,0,2]",1,true,false,false
gsv2-025,1000000,general-search-v1,star_seed,true,true,,completed,125000,0,125000,125000,0,0,0.125,"[[0,2],0,2,30,2,0,2]","[[0,2],0,2,30,2,0,2]",,0,false,false,true
gsv2-025,1000000,general-search-v1,constellation_seed_v1,true,true,,completed,37500,0,37500,37500,0,0,0.0375,"[[0,2],0,2,30,2,0,2]","[[0,2],0,2,30,2,0,2]",,0,false,false,false
gsv2-025,1000000,general-search-v1,constellation_parent_frontier_hedge,false,false,,,0,0,0,0,0,0,0,"[[0,2],0,2,30,2,0,2]","[[0,2],0,2,30,2,0,2]",,0,false,false,false
gsv2-025,1000000,general-search-v1,pre_repair,true,true,,no_improvement,197117,2883,200000,197117,0,118009,0.197117,"[[0,2],0,2,30,2,0,2]","[[3,2],0,5,30,5,0,5]","[[3,2],0,5,30,5,0,5]",2,true,true,false
gsv2-025,1000000,general-search-v1,dfs,true,true,,budget_exhausted,395172,0,395172,395172,0,201511,0.395172,"[[3,2],0,5,30,5,0,5]","[[3,2],0,5,30,5,0,5]","[[3,2],0,5,30,5,0,5]",0,false,false,true
gsv2-025,1000000,general-search-v1,post_repair,true,true,,no_improvement,200000,0,200000,200000,0,44514,0.2,"[[3,2],0,5,30,5,0,5]","[[3,2],0,5,30,5,0,5]","[[3,2],0,5,30,5,0,5]",0,false,false,true
gsv2-025,1000000,general-search-v1,completion,false,false,skips_disabled,,0,0,0,0,0,0,0,"[[3,2],0,5,30,5,0,5]","[[3,2],0,5,30,5,0,5]",,0,false,false,false
gsv2-025,1000000,general-search-v1,refine,true,true,,completed,0,0,0,0,5094,5094,0,"[[3,2],0,5,30,5,0,5]","[[3,2],0,5,30,5,0,5]","[[3,2],0,5,30,5,0,5]",0,false,false,false
gsv2-025,1000000,general-search-v1,plateau_lns,false,false,no_budget,,0,0,0,0,0,0,0,"[[3,2],0,5,30,5,0,5]","[[3,2],0,5,30,5,0,5]",,0,false,false,false
gsv2-025,1000000,general-search-v1,plateau_refine,false,false,no_budget,,0,0,0,0,0,0,0,"[[3,2],0,5,30,5,0,5]","[[3,2],0,5,30,5,0,5]",,0,false,false,false
gsv2-026,250000,general-search-v1,coverage_seed,false,false,coverage_disabled,,0,62500,62500,0,0,0,0,,,,0,false,false,false
gsv2-026,250000,general-search-v1,packing_seed,true,true,,completed,21875,0,21875,21875,0,0,0.0875,,,,0,false,false,true
gsv2-026,250000,general-search-v1,star_seed,true,true,,completed,35000,0,35000,35000,0,0,0.14,,,,0,false,false,true
gsv2-026,250000,general-search-v1,constellation_seed_v1,true,true,,no_priority_constellation,5625,3750,9375,5625,0,0,0.0225,,,,0,false,false,false
gsv2-026,250000,general-search-v1,constellation_parent_frontier_hedge,false,false,,,0,0,0,0,0,0,0,,,,0,false,false,false
gsv2-026,250000,general-search-v1,pre_repair,false,false,no_seed_solution,,0,0,0,0,0,0,0,,,,0,false,false,false
gsv2-026,250000,general-search-v1,dfs,true,true,,budget_exhausted,187500,0,187500,187500,0,142025,0.75,,"[[8,2],1,10,17,5,0,7]","[[8,2],1,10,17,5,0,7]",5,true,false,false
gsv2-026,250000,general-search-v1,post_repair,false,false,no_budget,,0,0,0,0,0,0,0,"[[8,2],1,10,17,5,0,7]","[[8,2],1,10,17,5,0,7]",,0,false,false,false
gsv2-026,250000,general-search-v1,completion,false,false,skips_disabled,,0,0,0,0,0,0,0,"[[8,2],1,10,17,5,0,7]","[[8,2],1,10,17,5,0,7]",,0,false,false,false
gsv2-026,250000,general-search-v1,refine,true,true,,completed,0,0,0,0,17592,12738,0,"[[8,2],1,10,17,5,0,7]","[[8,2],1,10,17,6,0,7]","[[8,2],1,10,17,6,0,7]",1,true,true,false
gsv2-026,250000,general-search-v1,plateau_lns,false,false,priority_not_reached,,0,0,0,0,0,0,0,"[[8,2],1,10,17,6,0,7]","[[8,2],1,10,17,6,0,7]",,0,false,false,false
gsv2-026,250000,general-search-v1,plateau_refine,false,false,priority_not_reached,,0,0,0,0,0,0,0,"[[8,2],1,10,17,6,0,7]","[[8,2],1,10,17,6,0,7]",,0,false,false,false
gsv2-026,1000000,general-search-v1,coverage_seed,false,false,coverage_disabled,,0,250000,250000,0,0,0,0,,,,0,false,false,false
gsv2-026,1000000,general-search-v1,packing_seed,true,true,,completed,47348,40152,87500,47348,0,64,0.047348,,"[[6,1],0,7,17,3,0,4]","[[6,1],0,7,17,3,0,4]",1,true,false,false
gsv2-026,1000000,general-search-v1,star_seed,true,true,,completed,127603,0,127603,127603,0,0,0.127603,"[[6,1],0,7,17,3,0,4]","[[6,1],0,7,17,3,0,4]",,0,false,false,true
gsv2-026,1000000,general-search-v1,constellation_seed_v1,true,true,,completed,34897,2603,37500,34897,0,256,0.034897,"[[6,1],0,7,17,3,0,4]","[[10,2],0,12,17,6,0,7]","[[10,2],0,12,17,6,0,7]",1,true,false,false
gsv2-026,1000000,general-search-v1,constellation_parent_frontier_hedge,false,false,,,0,0,0,0,0,0,0,"[[10,2],0,12,17,6,0,7]","[[10,2],0,12,17,6,0,7]",,0,false,false,false
gsv2-026,1000000,general-search-v1,pre_repair,true,true,,no_improvement,165973,34027,200000,165973,0,8793,0.165973,"[[10,2],0,12,17,6,0,7]","[[10,2],1,12,17,6,0,7]","[[10,2],1,12,17,6,0,7]",1,true,true,false
gsv2-026,1000000,general-search-v1,dfs,true,true,,budget_exhausted,424179,0,424179,424179,0,294243,0.424179,"[[10,2],1,12,17,6,0,7]","[[10,2],1,12,17,6,0,7]","[[10,2],1,12,17,6,0,7]",0,false,false,true
gsv2-026,1000000,general-search-v1,post_repair,true,true,,no_improvement,70000,130000,200000,70000,0,3719,0.07,"[[10,2],1,12,17,6,0,7]","[[10,2],1,12,17,6,0,7]","[[10,2],1,12,17,6,0,7]",0,false,false,true
gsv2-026,1000000,general-search-v1,completion,false,false,skips_disabled,,0,0,0,0,0,0,0,"[[10,2],1,12,17,6,0,7]","[[10,2],1,12,17,6,0,7]",,0,false,false,false
gsv2-026,1000000,general-search-v1,refine,true,true,,completed,0,0,0,0,4304,3392,0,"[[10,2],1,12,17,6,0,7]","[[10,2],1,12,17,6,0,7]","[[10,2],1,12,17,6,0,7]",0,false,false,false
gsv2-026,1000000,general-search-v1,plateau_lns,true,true,,completed,100000,0,100000,100000,0,794,0.1,"[[10,2],1,12,17,6,0,7]","[[10,2],1,12,17,6,0,7]","[[10,2],1,12,17,6,0,7]",0,false,false,true
gsv2-026,1000000,general-search-v1,plateau_refine,true,true,,completed,7140,22860,30000,7140,0,1288,0.00714,"[[10,2],1,12,17,6,0,7]","[[10,2],1,12,17,6,0,7]","[[10,2],1,12,17,6,0,7]",0,false,false,false
gsv2-013,1000000,v4,coverage_seed,false,false,coverage_disabled,,0,250000,250000,0,0,0,0,,,,0,false,false,false
gsv2-013,1000000,v4,packing_seed,true,true,,completed,26825,60675,87500,26825,0,64,0.026825,,"[[2,0],0,2,19,2,0,2]","[[2,0],0,2,19,2,0,2]",1,true,false,false
gsv2-013,1000000,v4,star_seed,true,true,,completed,92804,64597,157401,92804,0,6,0.092804,"[[2,0],0,2,19,2,0,2]","[[4,4],0,8,19,6,0,6]","[[4,4],0,8,19,6,0,6]",1,true,false,false
gsv2-013,1000000,v4,constellation_seed_v1,true,true,,no_priority_constellation,5099,32401,37500,5099,0,0,0.005099,"[[4,4],0,8,19,6,0,6]","[[4,4],0,8,19,6,0,6]",,0,false,false,false
gsv2-013,1000000,v4,constellation_parent_frontier_hedge,false,false,,,0,0,0,0,0,0,0,"[[4,4],0,8,19,6,0,6]","[[4,4],0,8,19,6,0,6]",,0,false,false,false
gsv2-013,1000000,v4,pre_repair,true,true,,no_improvement,41218,158782,200000,41218,0,772,0.041218,"[[4,4],0,8,19,6,0,6]","[[4,4],0,8,19,6,0,6]","[[4,4],0,8,19,6,0,6]",0,false,false,false
gsv2-013,1000000,v4,dfs,true,true,,budget_exhausted,634054,0,634054,634054,0,1076,0.634054,"[[4,4],0,8,19,6,0,6]","[[4,4],0,8,19,6,0,6]","[[4,4],0,8,19,6,0,6]",0,false,false,true
gsv2-013,1000000,v4,post_repair,true,true,,no_improvement,85097,114903,200000,85097,0,426,0.085097,"[[4,4],0,8,19,6,0,6]","[[4,5],0,9,19,6,0,6]","[[4,5],0,9,19,6,0,6]",1,true,true,false
gsv2-013,1000000,v4,completion,false,false,skips_disabled,,0,0,0,0,0,0,0,"[[4,5],0,9,19,6,0,6]","[[4,5],0,9,19,6,0,6]",,0,false,false,false
gsv2-013,1000000,v4,refine,true,true,,completed,0,0,0,0,512,464,0,"[[4,5],0,9,19,6,0,6]","[[4,5],0,9,19,6,0,6]","[[4,5],0,9,19,6,0,6]",0,false,false,false
gsv2-013,1000000,v4,plateau_lns,false,false,priority_not_reached,,0,0,0,0,0,0,0,"[[4,5],0,9,19,6,0,6]","[[4,5],0,9,19,6,0,6]",,0,false,false,false
gsv2-013,1000000,v4,plateau_refine,false,false,priority_not_reached,,0,0,0,0,0,0,0,"[[4,5],0,9,19,6,0,6]","[[4,5],0,9,19,6,0,6]",,0,false,false,false
gsv2-014,1000000,v4,coverage_seed,false,false,coverage_disabled,,0,250000,250000,0,0,0,0,,,,0,false,false,false
gsv2-014,1000000,v4,packing_seed,true,true,,completed,53063,34437,87500,53063,0,64,0.053063,,"[[1,1],1,2,18,2,0,2]","[[1,1],1,2,18,2,0,2]",1,true,false,false
gsv2-014,1000000,v4,star_seed,true,true,,completed,111790,23587,135377,111790,0,0,0.11179,"[[1,1],1,2,18,2,0,2]","[[1,1],1,2,18,2,0,2]",,0,false,false,true
gsv2-014,1000000,v4,constellation_seed_v1,true,true,,completed,27123,10377,37500,27123,0,0,0.027123,"[[1,1],1,2,18,2,0,2]","[[1,1],1,2,18,2,0,2]",,0,false,false,false
gsv2-014,1000000,v4,constellation_parent_frontier_hedge,false,false,,,0,0,0,0,0,0,0,"[[1,1],1,2,18,2,0,2]","[[1,1],1,2,18,2,0,2]",,0,false,false,false
gsv2-014,1000000,v4,pre_repair,true,true,,no_improvement,43739,156261,200000,43739,0,443,0.043739,"[[1,1],1,2,18,2,0,2]","[[2,3],1,5,18,4,0,5]","[[2,3],1,5,18,4,0,5]",3,true,true,false
gsv2-014,1000000,v4,dfs,true,true,,budget_exhausted,564285,0,564285,564285,0,0,0.564285,"[[2,3],1,5,18,4,0,5]","[[2,3],1,5,18,4,0,5]",,0,false,false,true
gsv2-014,1000000,v4,post_repair,true,true,,no_improvement,52948,147052,200000,52948,0,48,0.052948,"[[2,3],1,5,18,4,0,5]","[[2,3],1,5,18,4,0,5]","[[2,3],1,5,18,4,0,5]",0,false,false,true
gsv2-014,1000000,v4,completion,false,false,skips_disabled,,0,0,0,0,0,0,0,"[[2,3],1,5,18,4,0,5]","[[2,3],1,5,18,4,0,5]",,0,false,false,false
gsv2-014,1000000,v4,refine,true,true,,completed,0,0,0,0,480,464,0,"[[2,3],1,5,18,4,0,5]","[[2,3],1,5,18,4,0,5]","[[2,3],1,5,18,4,0,5]",0,false,false,false
gsv2-014,1000000,v4,plateau_lns,false,false,priority_not_reached,,0,0,0,0,0,0,0,"[[2,3],1,5,18,4,0,5]","[[2,3],1,5,18,4,0,5]",,0,false,false,false
gsv2-014,1000000,v4,plateau_refine,false,false,priority_not_reached,,0,0,0,0,0,0,0,"[[2,3],1,5,18,4,0,5]","[[2,3],1,5,18,4,0,5]",,0,false,false,false
gsv2-015,1000000,v4,coverage_seed,false,false,coverage_disabled,,0,250000,250000,0,0,0,0,,,,0,false,false,false
gsv2-015,1000000,v4,packing_seed,true,true,,completed,33152,54348,87500,33152,0,64,0.033152,,"[[3,2],0,5,12,5,0,5]","[[3,2],0,5,12,5,0,5]",1,true,false,false
gsv2-015,1000000,v4,star_seed,true,true,,completed,99154,57738,156892,99154,0,256,0.099154,"[[3,2],0,5,12,5,0,5]","[[5,3],0,8,12,6,0,6]","[[5,3],0,8,12,6,0,6]",1,true,false,false
gsv2-015,1000000,v4,constellation_seed_v1,true,true,,no_priority_constellation,5608,31892,37500,5608,0,0,0.005608,"[[5,3],0,8,12,6,0,6]","[[5,3],0,8,12,6,0,6]",,0,false,false,false
gsv2-015,1000000,v4,constellation_parent_frontier_hedge,false,false,,,0,0,0,0,0,0,0,"[[5,3],0,8,12,6,0,6]","[[5,3],0,8,12,6,0,6]",,0,false,false,false
gsv2-015,1000000,v4,pre_repair,true,true,,no_improvement,79215,120785,200000,79215,0,83,0.079215,"[[5,3],0,8,12,6,0,6]","[[6,2],0,8,12,6,0,6]","[[6,2],0,8,12,6,0,6]",1,true,true,false
gsv2-015,1000000,v4,dfs,true,true,,budget_exhausted,582871,0,582871,582871,0,0,0.582871,"[[6,2],0,8,12,6,0,6]","[[6,2],0,8,12,6,0,6]",,0,false,false,true
gsv2-015,1000000,v4,post_repair,true,true,,no_improvement,200000,0,200000,200000,0,192,0.2,"[[6,2],0,8,12,6,0,6]","[[6,2],0,8,12,6,0,6]","[[6,2],0,8,12,6,0,6]",0,false,false,true
gsv2-015,1000000,v4,completion,false,false,skips_disabled,,0,0,0,0,0,0,0,"[[6,2],0,8,12,6,0,6]","[[6,2],0,8,12,6,0,6]",,0,false,false,false
gsv2-015,1000000,v4,refine,true,true,,completed,0,0,0,0,11200,10048,0,"[[6,2],0,8,12,6,0,6]","[[6,2],0,8,12,6,0,6]","[[6,2],0,8,12,6,0,6]",0,false,false,false
gsv2-015,1000000,v4,plateau_lns,false,false,priority_not_reached,,0,0,0,0,0,0,0,"[[6,2],0,8,12,6,0,6]","[[6,2],0,8,12,6,0,6]",,0,false,false,false
gsv2-015,1000000,v4,plateau_refine,false,false,priority_not_reached,,0,0,0,0,0,0,0,"[[6,2],0,8,12,6,0,6]","[[6,2],0,8,12,6,0,6]",,0,false,false,false
gsv2-016,1000000,v4,coverage_seed,false,false,coverage_disabled,,0,250000,250000,0,0,0,0,,,,0,false,false,false
gsv2-016,1000000,v4,packing_seed,true,true,,completed,54837,32663,87500,54837,0,64,0.054837,,"[[3,3],1,6,17,4,0,4]","[[3,3],1,6,17,4,0,4]",1,true,false,false
gsv2-016,1000000,v4,star_seed,true,true,,completed,145420,10000,155420,145420,0,256,0.14542,"[[3,3],1,6,17,4,0,4]","[[7,3],1,10,17,6,0,8]","[[7,3],1,10,17,6,0,8]",1,true,true,false
gsv2-016,1000000,v4,constellation_seed_v1,true,true,,no_priority_constellation,7080,30420,37500,7080,0,0,0.00708,"[[7,3],1,10,17,6,0,8]","[[7,3],1,10,17,6,0,8]",,0,false,false,false
gsv2-016,1000000,v4,constellation_parent_frontier_hedge,false,false,,,0,0,0,0,0,0,0,"[[7,3],1,10,17,6,0,8]","[[7,3],1,10,17,6,0,8]",,0,false,false,false
gsv2-016,1000000,v4,pre_repair,true,true,,no_improvement,58334,141666,200000,58334,0,0,0.058334,"[[7,3],1,10,17,6,0,8]","[[7,3],1,10,17,6,0,8]",,0,false,false,true
gsv2-016,1000000,v4,dfs,true,true,,budget_exhausted,529564,4765,534329,529564,0,27714,0.529564,"[[7,3],1,10,17,6,0,8]","[[7,3],1,10,17,6,0,8]","[[7,3],1,10,17,6,0,8]",0,false,false,true
gsv2-016,1000000,v4,post_repair,true,true,,no_improvement,200000,0,200000,200000,0,0,0.2,"[[7,3],1,10,17,6,0,8]","[[7,3],1,10,17,6,0,8]",,0,false,false,true
gsv2-016,1000000,v4,completion,false,false,skips_disabled,,0,0,0,0,0,0,0,"[[7,3],1,10,17,6,0,8]","[[7,3],1,10,17,6,0,8]",,0,false,false,false
gsv2-016,1000000,v4,refine,true,true,,completed,0,0,0,0,3408,2976,0,"[[7,3],1,10,17,6,0,8]","[[7,3],1,10,17,6,0,8]","[[7,3],1,10,17,6,0,8]",0,false,false,false
gsv2-016,1000000,v4,plateau_lns,false,false,priority_not_reached,,0,0,0,0,0,0,0,"[[7,3],1,10,17,6,0,8]","[[7,3],1,10,17,6,0,8]",,0,false,false,false
gsv2-016,1000000,v4,plateau_refine,false,false,priority_not_reached,,0,0,0,0,0,0,0,"[[7,3],1,10,17,6,0,8]","[[7,3],1,10,17,6,0,8]",,0,false,false,false
gsv2-017,1000000,v4,coverage_seed,false,false,coverage_disabled,,0,250000,250000,0,0,0,0,,,,0,false,false,false
gsv2-017,1000000,v4,packing_seed,true,true,,completed,48287,39213,87500,48287,0,64,0.048287,,"[[4,0],0,4,18,3,0,3]","[[4,0],0,4,18,3,0,3]",1,true,false,false
gsv2-017,1000000,v4,star_seed,true,true,,completed,128623,0,128623,128623,0,0,0.128623,"[[4,0],0,4,18,3,0,3]","[[4,0],0,4,18,3,0,3]",,0,false,false,true
gsv2-017,1000000,v4,constellation_seed_v1,true,true,,completed,33877,3623,37500,33877,0,0,0.033877,"[[4,0],0,4,18,3,0,3]","[[4,0],0,4,18,3,0,3]",,0,false,false,false
gsv2-017,1000000,v4,constellation_parent_frontier_hedge,false,false,,,0,0,0,0,0,0,0,"[[4,0],0,4,18,3,0,3]","[[4,0],0,4,18,3,0,3]",,0,false,false,false
gsv2-017,1000000,v4,pre_repair,true,true,,no_improvement,170051,29949,200000,170051,0,4444,0.170051,"[[4,0],0,4,18,3,0,3]","[[6,3],1,9,18,6,0,6]","[[6,3],1,9,18,6,0,6]",12,true,true,false
gsv2-017,1000000,v4,dfs,true,true,,budget_exhausted,419162,0,419162,419162,0,2495,0.419162,"[[6,3],1,9,18,6,0,6]","[[6,3],1,9,18,6,0,6]","[[6,3],0,9,18,6,0,6]",0,false,false,true
gsv2-017,1000000,v4,post_repair,true,true,,no_improvement,127116,72884,200000,127116,0,12076,0.127116,"[[6,3],1,9,18,6,0,6]","[[6,3],1,9,18,6,0,6]","[[6,3],1,9,18,6,0,6]",0,false,false,true
gsv2-017,1000000,v4,completion,false,false,skips_disabled,,0,0,0,0,0,0,0,"[[6,3],1,9,18,6,0,6]","[[6,3],1,9,18,6,0,6]",,0,false,false,false
gsv2-017,1000000,v4,refine,true,true,,completed,0,0,0,0,7232,5840,0,"[[6,3],1,9,18,6,0,6]","[[6,3],1,9,18,6,0,6]","[[6,3],1,9,18,6,0,6]",0,false,false,false
gsv2-017,1000000,v4,plateau_lns,true,true,,no_eligible_neighborhoods,0,72884,72884,0,0,0,0,"[[6,3],1,9,18,6,0,6]","[[6,3],1,9,18,6,0,6]",,0,false,false,false
gsv2-017,1000000,v4,plateau_refine,true,true,,completed,841,49159,50000,841,0,198,0.000841,"[[6,3],1,9,18,6,0,6]","[[6,3],1,9,18,6,0,6]","[[6,3],1,9,18,6,0,6]",0,false,false,false
gsv2-018,1000000,v4,coverage_seed,false,false,coverage_disabled,,0,250000,250000,0,0,0,0,,,,0,false,false,false
gsv2-018,1000000,v4,packing_seed,true,true,,completed,39228,48272,87500,39228,0,64,0.039228,,"[[0,0],1,0,15,0,0,0]","[[0,0],1,0,15,0,0,0]",1,true,false,false
gsv2-018,1000000,v4,star_seed,true,true,,completed,86208,39492,125700,86208,0,256,0.086208,"[[0,0],1,0,15,0,0,0]","[[0,0],1,0,15,0,0,0]","[[2,0],1,2,15,2,0,2]",0,false,false,true
gsv2-018,1000000,v4,constellation_seed_v1,true,true,,completed,36800,700,37500,36800,0,128,0.0368,"[[0,0],1,0,15,0,0,0]","[[2,0],1,2,15,2,0,2]","[[2,0],1,2,15,2,0,2]",1,true,true,false
gsv2-018,1000000,v4,constellation_parent_frontier_hedge,false,false,,,0,0,0,0,0,0,0,"[[2,0],1,2,15,2,0,2]","[[2,0],1,2,15,2,0,2]",,0,false,false,false
gsv2-018,1000000,v4,pre_repair,true,true,,no_eligible_neighborhoods,0,200000,200000,0,0,0,0,"[[2,0],1,2,15,2,0,2]","[[2,0],1,2,15,2,0,2]",,0,false,false,false
gsv2-018,1000000,v4,dfs,true,true,,budget_exhausted,637764,0,637764,637764,0,189978,0.637764,"[[2,0],1,2,15,2,0,2]","[[2,0],1,2,15,2,0,2]","[[2,0],1,2,15,2,0,2]",0,false,false,true
gsv2-018,1000000,v4,post_repair,true,true,,no_eligible_neighborhoods,0,200000,200000,0,0,0,0,"[[2,0],1,2,15,2,0,2]","[[2,0],1,2,15,2,0,2]",,0,false,false,false
gsv2-018,1000000,v4,completion,false,false,skips_disabled,,0,0,0,0,0,0,0,"[[2,0],1,2,15,2,0,2]","[[2,0],1,2,15,2,0,2]",,0,false,false,false
gsv2-018,1000000,v4,refine,true,true,,completed,0,0,0,0,1532,1532,0,"[[2,0],1,2,15,2,0,2]","[[2,0],1,2,15,2,0,2]","[[2,0],1,2,15,2,0,2]",0,false,false,false
gsv2-018,1000000,v4,plateau_lns,true,true,,no_eligible_neighborhoods,0,100000,100000,0,0,0,0,"[[2,0],1,2,15,2,0,2]","[[2,0],1,2,15,2,0,2]",,0,false,false,false
gsv2-018,1000000,v4,plateau_refine,true,true,,completed,292,49708,50000,292,0,267,0.000292,"[[2,0],1,2,15,2,0,2]","[[2,0],1,2,15,2,0,2]","[[2,0],1,2,15,2,0,2]",0,false,false,false
gsv2-019,1000000,v4,coverage_seed,false,false,coverage_disabled,,0,250000,250000,0,0,0,0,,,,0,false,false,false
gsv2-019,1000000,v4,packing_seed,true,true,,completed,37795,49705,87500,37795,0,64,0.037795,,"[[2,1],0,3,20,3,0,3]","[[2,1],0,3,20,3,0,3]",1,true,false,false
gsv2-019,1000000,v4,star_seed,true,true,,completed,125000,0,125000,125000,0,0,0.125,"[[2,1],0,3,20,3,0,3]","[[2,1],0,3,20,3,0,3]",,0,false,false,true
gsv2-019,1000000,v4,constellation_seed_v1,true,true,,completed,37500,0,37500,37500,0,0,0.0375,"[[2,1],0,3,20,3,0,3]","[[2,1],0,3,20,3,0,3]",,0,false,false,false
gsv2-019,1000000,v4,constellation_parent_frontier_hedge,false,false,,,0,0,0,0,0,0,0,"[[2,1],0,3,20,3,0,3]","[[2,1],0,3,20,3,0,3]",,0,false,false,false
gsv2-019,1000000,v4,pre_repair,true,true,,no_improvement,177635,22365,200000,177635,0,161668,0.177635,"[[2,1],0,3,20,3,0,3]","[[3,0],0,3,20,3,0,3]","[[3,0],0,3,20,3,0,3]",1,true,false,false
gsv2-019,1000000,v4,dfs,true,true,,budget_exhausted,386338,35732,422070,386338,0,327195,0.386338,"[[3,0],0,3,20,3,0,3]","[[3,1],0,4,20,4,0,4]","[[3,1],0,4,20,4,0,4]",1,true,false,false
gsv2-019,1000000,v4,post_repair,true,true,,no_improvement,162328,37672,200000,162328,0,80358,0.162328,"[[3,1],0,4,20,4,0,4]","[[3,2],0,5,20,5,0,5]","[[3,2],0,5,20,5,0,5]",1,true,true,false
gsv2-019,1000000,v4,completion,false,false,skips_disabled,,0,0,0,0,0,0,0,"[[3,2],0,5,20,5,0,5]","[[3,2],0,5,20,5,0,5]",,0,false,false,false
gsv2-019,1000000,v4,refine,true,true,,completed,0,0,0,0,10040,10040,0,"[[3,2],0,5,20,5,0,5]","[[3,2],0,5,20,5,0,5]","[[3,2],0,5,20,5,0,5]",0,false,false,false
gsv2-019,1000000,v4,plateau_lns,true,true,,completed,73404,0,73404,73404,0,65080,0.073404,"[[3,2],0,5,20,5,0,5]","[[3,2],0,5,20,5,0,5]","[[3,2],0,5,20,5,0,5]",0,false,false,true
gsv2-019,1000000,v4,plateau_refine,false,false,no_budget,,0,0,0,0,0,0,0,"[[3,2],0,5,20,5,0,5]","[[3,2],0,5,20,5,0,5]",,0,false,false,false
gsv2-020,1000000,v4,coverage_seed,false,false,coverage_disabled,,0,250000,250000,0,0,0,0,,,,0,false,false,false
gsv2-020,1000000,v4,packing_seed,true,true,,completed,30206,57294,87500,30206,0,64,0.030206,,"[[3,1],1,4,18,3,0,3]","[[3,1],1,4,18,3,0,3]",1,true,false,false
gsv2-020,1000000,v4,star_seed,true,true,,completed,86184,63170,149354,86184,0,76,0.086184,"[[3,1],1,4,18,3,0,3]","[[3,1],1,4,18,3,0,3]","[[4,4],0,8,18,6,0,8]",0,false,false,true
gsv2-020,1000000,v4,constellation_seed_v1,true,true,,completed,13146,24354,37500,13146,0,155,0.013146,"[[3,1],1,4,18,3,0,3]","[[4,4],0,8,18,6,0,8]","[[4,4],0,8,18,6,0,8]",1,true,true,false
gsv2-020,1000000,v4,constellation_parent_frontier_hedge,false,false,,,0,0,0,0,0,0,0,"[[4,4],0,8,18,6,0,8]","[[4,4],0,8,18,6,0,8]",,0,false,false,false
gsv2-020,1000000,v4,pre_repair,true,true,,no_eligible_neighborhoods,0,200000,200000,0,0,0,0,"[[4,4],0,8,18,6,0,8]","[[4,4],0,8,18,6,0,8]",,0,false,false,false
gsv2-020,1000000,v4,dfs,true,true,,budget_exhausted,670464,0,670464,670464,0,1444,0.670464,"[[4,4],0,8,18,6,0,8]","[[4,4],0,8,18,6,0,8]","[[4,4],0,8,18,6,0,8]",0,false,false,true
gsv2-020,1000000,v4,post_repair,true,true,,no_eligible_neighborhoods,0,200000,200000,0,0,0,0,"[[4,4],0,8,18,6,0,8]","[[4,4],0,8,18,6,0,8]",,0,false,false,false
gsv2-020,1000000,v4,completion,false,false,skips_disabled,,0,0,0,0,0,0,0,"[[4,4],0,8,18,6,0,8]","[[4,4],0,8,18,6,0,8]",,0,false,false,false
gsv2-020,1000000,v4,refine,true,true,,completed,0,0,0,0,1674,1466,0,"[[4,4],0,8,18,6,0,8]","[[4,4],0,8,18,6,0,8]","[[4,4],0,8,18,6,0,8]",0,false,false,false
gsv2-020,1000000,v4,plateau_lns,true,true,,no_eligible_neighborhoods,0,100000,100000,0,0,0,0,"[[4,4],0,8,18,6,0,8]","[[4,4],0,8,18,6,0,8]",,0,false,false,false
gsv2-020,1000000,v4,plateau_refine,true,true,,completed,815,49185,50000,815,0,140,0.000815,"[[4,4],0,8,18,6,0,8]","[[4,4],0,8,18,6,0,8]","[[4,4],0,8,18,6,0,8]",0,false,false,false
gsv2-021,1000000,v4,coverage_seed,false,false,coverage_disabled,,0,250000,250000,0,0,0,0,,,,0,false,false,false
gsv2-021,1000000,v4,packing_seed,true,true,,completed,28765,58735,87500,28765,0,64,0.028765,,"[[6,3],0,9,21,5,0,7]","[[6,3],0,9,21,5,0,7]",1,true,false,false
gsv2-021,1000000,v4,star_seed,true,true,,completed,128612,26138,154750,128612,0,0,0.128612,"[[6,3],0,9,21,5,0,7]","[[6,3],0,9,21,5,0,7]",,0,false,false,true
gsv2-021,1000000,v4,constellation_seed_v1,true,true,,no_priority_constellation,7750,29750,37500,7750,0,0,0.00775,"[[6,3],0,9,21,5,0,7]","[[6,3],0,9,21,5,0,7]",,0,false,false,false
gsv2-021,1000000,v4,constellation_parent_frontier_hedge,false,false,,,0,0,0,0,0,0,0,"[[6,3],0,9,21,5,0,7]","[[6,3],0,9,21,5,0,7]",,0,false,false,false
gsv2-021,1000000,v4,pre_repair,true,true,,no_remaining_neighborhoods,116753,83247,200000,116753,0,2578,0.116753,"[[6,3],0,9,21,5,0,7]","[[10,3],0,13,21,6,0,8]","[[10,3],0,13,21,6,0,8]",9,true,true,false
gsv2-021,1000000,v4,dfs,true,true,,budget_exhausted,518120,0,518120,518120,0,194230,0.51812,"[[10,3],0,13,21,6,0,8]","[[10,3],0,13,21,6,0,8]","[[10,3],0,13,21,6,0,8]",0,false,false,true
gsv2-021,1000000,v4,post_repair,true,true,,no_improvement,88176,111824,200000,88176,0,246,0.088176,"[[10,3],0,13,21,6,0,8]","[[10,3],0,13,21,6,0,8]","[[10,3],0,13,21,6,0,8]",0,false,false,true
gsv2-021,1000000,v4,completion,false,false,skips_disabled,,0,0,0,0,0,0,0,"[[10,3],0,13,21,6,0,8]","[[10,3],0,13,21,6,0,8]",,0,false,false,false
gsv2-021,1000000,v4,refine,true,true,,completed,0,0,0,0,1760,1200,0,"[[10,3],0,13,21,6,0,8]","[[10,3],0,13,21,6,0,8]","[[10,3],0,13,21,6,0,8]",0,false,false,false
gsv2-021,1000000,v4,plateau_lns,false,false,priority_not_reached,,0,0,0,0,0,0,0,"[[10,3],0,13,21,6,0,8]","[[10,3],0,13,21,6,0,8]",,0,false,false,false
gsv2-021,1000000,v4,plateau_refine,false,false,priority_not_reached,,0,0,0,0,0,0,0,"[[10,3],0,13,21,6,0,8]","[[10,3],0,13,21,6,0,8]",,0,false,false,false
gsv2-022,1000000,v4,coverage_seed,false,false,coverage_disabled,,0,250000,250000,0,0,0,0,,,,0,false,false,false
gsv2-022,1000000,v4,packing_seed,true,true,,completed,33400,54100,87500,33400,0,64,0.0334,,"[[2,0],0,2,17,1,0,1]","[[2,0],0,2,17,1,0,1]",1,true,false,false
gsv2-022,1000000,v4,star_seed,true,true,,completed,88242,69794,158036,88242,0,256,0.088242,"[[2,0],0,2,17,1,0,1]","[[4,2],0,6,17,5,0,6]","[[4,2],0,6,17,5,0,6]",1,true,false,false
gsv2-022,1000000,v4,constellation_seed_v1,true,true,,no_priority_constellation,4464,33036,37500,4464,0,0,0.004464,"[[4,2],0,6,17,5,0,6]","[[4,2],0,6,17,5,0,6]",,0,false,false,false
gsv2-022,1000000,v4,constellation_parent_frontier_hedge,false,false,,,0,0,0,0,0,0,0,"[[4,2],0,6,17,5,0,6]","[[4,2],0,6,17,5,0,6]",,0,false,false,false
gsv2-022,1000000,v4,pre_repair,true,true,,no_improvement,156300,43700,200000,156300,0,478,0.1563,"[[4,2],0,6,17,5,0,6]","[[5,3],0,8,17,6,0,8]","[[5,3],0,8,17,6,0,8]",5,true,true,false
gsv2-022,1000000,v4,dfs,true,true,,budget_exhausted,517594,0,517594,517594,0,5581,0.517594,"[[5,3],0,8,17,6,0,8]","[[5,3],0,8,17,6,0,8]","[[5,3],0,8,17,6,0,8]",0,false,false,true
gsv2-022,1000000,v4,post_repair,true,true,,no_improvement,60000,140000,200000,60000,0,8,0.06,"[[5,3],0,8,17,6,0,8]","[[5,3],0,8,17,6,0,8]","[[5,3],0,8,17,6,0,8]",0,false,false,true
gsv2-022,1000000,v4,completion,false,false,skips_disabled,,0,0,0,0,0,0,0,"[[5,3],0,8,17,6,0,8]","[[5,3],0,8,17,6,0,8]",,0,false,false,false
gsv2-022,1000000,v4,refine,true,true,,completed,0,0,0,0,656,560,0,"[[5,3],0,8,17,6,0,8]","[[5,3],0,8,17,6,0,8]","[[5,3],0,8,17,6,0,8]",0,false,false,false
gsv2-022,1000000,v4,plateau_lns,false,false,priority_not_reached,,0,0,0,0,0,0,0,"[[5,3],0,8,17,6,0,8]","[[5,3],0,8,17,6,0,8]",,0,false,false,false
gsv2-022,1000000,v4,plateau_refine,false,false,priority_not_reached,,0,0,0,0,0,0,0,"[[5,3],0,8,17,6,0,8]","[[5,3],0,8,17,6,0,8]",,0,false,false,false
gsv2-023,1000000,v4,coverage_seed,false,false,coverage_disabled,,0,250000,250000,0,0,0,0,,,,0,false,false,false
gsv2-023,1000000,v4,packing_seed,true,true,,completed,54855,32645,87500,54855,0,64,0.054855,,"[[2,1],0,3,14,3,0,3]","[[2,1],0,3,14,3,0,3]",1,true,false,false
gsv2-023,1000000,v4,star_seed,true,true,,completed,151187,0,151187,151187,0,0,0.151187,"[[2,1],0,3,14,3,0,3]","[[2,1],0,3,14,3,0,3]",,0,false,false,true
gsv2-023,1000000,v4,constellation_seed_v1,true,true,,no_priority_constellation,11313,26187,37500,11313,0,0,0.011313,"[[2,1],0,3,14,3,0,3]","[[2,1],0,3,14,3,0,3]",,0,false,false,false
gsv2-023,1000000,v4,constellation_parent_frontier_hedge,false,false,,,0,0,0,0,0,0,0,"[[2,1],0,3,14,3,0,3]","[[2,1],0,3,14,3,0,3]",,0,false,false,false
gsv2-023,1000000,v4,pre_repair,true,true,,budget_exhausted,200000,0,200000,200000,0,1820,0.2,"[[2,1],0,3,14,3,0,3]","[[4,3],0,7,14,6,0,7]","[[4,3],0,7,14,6,0,7]",5,true,false,false
gsv2-023,1000000,v4,dfs,true,true,,budget_exhausted,382645,0,382645,382645,0,9617,0.382645,"[[4,3],0,7,14,6,0,7]","[[4,3],0,7,14,6,0,7]","[[4,3],0,7,14,6,0,6]",0,false,false,true
gsv2-023,1000000,v4,post_repair,true,true,,no_improvement,200000,0,200000,200000,0,956,0.2,"[[4,3],0,7,14,6,0,7]","[[4,3],0,7,14,6,0,7]","[[4,3],0,7,14,6,0,7]",0,false,false,true
gsv2-023,1000000,v4,completion,false,false,skips_disabled,,0,0,0,0,0,0,0,"[[4,3],0,7,14,6,0,7]","[[4,3],0,7,14,6,0,7]",,0,false,false,false
gsv2-023,1000000,v4,refine,true,true,,completed,0,0,0,0,24448,17408,0,"[[4,3],0,7,14,6,0,7]","[[4,4],0,8,14,6,0,8]","[[4,4],0,8,14,6,0,8]",1,true,true,false
gsv2-023,1000000,v4,plateau_lns,false,false,priority_not_reached,,0,0,0,0,0,0,0,"[[4,4],0,8,14,6,0,8]","[[4,4],0,8,14,6,0,8]",,0,false,false,false
gsv2-023,1000000,v4,plateau_refine,false,false,priority_not_reached,,0,0,0,0,0,0,0,"[[4,4],0,8,14,6,0,8]","[[4,4],0,8,14,6,0,8]",,0,false,false,false
gsv2-024,1000000,v4,coverage_seed,false,false,coverage_disabled,,0,250000,250000,0,0,0,0,,,,0,false,false,false
gsv2-024,1000000,v4,packing_seed,true,true,,completed,43681,43819,87500,43681,0,15,0.043681,,"[[0,3],1,3,33,3,0,3]","[[0,3],1,3,33,3,0,3]",1,true,false,false
gsv2-024,1000000,v4,star_seed,true,true,,completed,125000,0,125000,125000,0,0,0.125,"[[0,3],1,3,33,3,0,3]","[[0,3],1,3,33,3,0,3]",,0,false,false,true
gsv2-024,1000000,v4,constellation_seed_v1,true,true,,completed,37500,0,37500,37500,0,0,0.0375,"[[0,3],1,3,33,3,0,3]","[[0,3],1,3,33,3,0,3]",,0,false,false,false
gsv2-024,1000000,v4,constellation_parent_frontier_hedge,false,false,,,0,0,0,0,0,0,0,"[[0,3],1,3,33,3,0,3]","[[0,3],1,3,33,3,0,3]",,0,false,false,false
gsv2-024,1000000,v4,pre_repair,true,true,,no_improvement,76996,123004,200000,76996,0,12322,0.076996,"[[0,3],1,3,33,3,0,3]","[[3,3],1,6,33,6,0,6]","[[3,3],1,6,33,6,0,6]",8,true,true,false
gsv2-024,1000000,v4,dfs,true,true,,budget_exhausted,506223,10600,516823,506223,0,136666,0.506223,"[[3,3],1,6,33,6,0,6]","[[3,3],1,6,33,6,0,6]","[[3,3],1,6,33,6,0,6]",0,false,false,true
gsv2-024,1000000,v4,post_repair,true,true,,no_improvement,93083,106917,200000,93083,0,6744,0.093083,"[[3,3],1,6,33,6,0,6]","[[3,3],1,6,33,6,0,6]","[[3,3],1,6,33,6,0,6]",0,false,false,true
gsv2-024,1000000,v4,completion,false,false,skips_disabled,,0,0,0,0,0,0,0,"[[3,3],1,6,33,6,0,6]","[[3,3],1,6,33,6,0,6]",,0,false,false,false
gsv2-024,1000000,v4,refine,true,true,,completed,0,0,0,0,1056,1056,0,"[[3,3],1,6,33,6,0,6]","[[3,3],1,6,33,6,0,6]","[[3,3],1,6,33,6,0,6]",0,false,false,false
gsv2-024,1000000,v4,plateau_lns,true,true,,no_eligible_neighborhoods,0,100000,100000,0,0,0,0,"[[3,3],1,6,33,6,0,6]","[[3,3],1,6,33,6,0,6]",,0,false,false,false
gsv2-024,1000000,v4,plateau_refine,true,true,,completed,998,49002,50000,998,0,694,0.000998,"[[3,3],1,6,33,6,0,6]","[[3,3],1,6,33,6,0,6]","[[3,3],1,6,33,6,0,6]",0,false,false,false
gsv2-025,1000000,v4,coverage_seed,false,false,coverage_disabled,,0,250000,250000,0,0,0,0,,,,0,false,false,false
gsv2-025,1000000,v4,packing_seed,true,true,,completed,45211,42289,87500,45211,0,64,0.045211,,"[[0,2],0,2,30,2,0,2]","[[0,2],0,2,30,2,0,2]",1,true,false,false
gsv2-025,1000000,v4,star_seed,true,true,,completed,125000,0,125000,125000,0,0,0.125,"[[0,2],0,2,30,2,0,2]","[[0,2],0,2,30,2,0,2]",,0,false,false,true
gsv2-025,1000000,v4,constellation_seed_v1,true,true,,completed,37500,0,37500,37500,0,0,0.0375,"[[0,2],0,2,30,2,0,2]","[[0,2],0,2,30,2,0,2]",,0,false,false,false
gsv2-025,1000000,v4,constellation_parent_frontier_hedge,false,false,,,0,0,0,0,0,0,0,"[[0,2],0,2,30,2,0,2]","[[0,2],0,2,30,2,0,2]",,0,false,false,false
gsv2-025,1000000,v4,pre_repair,true,true,,no_improvement,197117,2883,200000,197117,0,118009,0.197117,"[[0,2],0,2,30,2,0,2]","[[3,2],0,5,30,5,0,5]","[[3,2],0,5,30,5,0,5]",2,true,true,false
gsv2-025,1000000,v4,dfs,true,true,,budget_exhausted,395172,0,395172,395172,0,201511,0.395172,"[[3,2],0,5,30,5,0,5]","[[3,2],0,5,30,5,0,5]","[[3,2],0,5,30,5,0,5]",0,false,false,true
gsv2-025,1000000,v4,post_repair,true,true,,no_improvement,200000,0,200000,200000,0,44514,0.2,"[[3,2],0,5,30,5,0,5]","[[3,2],0,5,30,5,0,5]","[[3,2],0,5,30,5,0,5]",0,false,false,true
gsv2-025,1000000,v4,completion,false,false,skips_disabled,,0,0,0,0,0,0,0,"[[3,2],0,5,30,5,0,5]","[[3,2],0,5,30,5,0,5]",,0,false,false,false
gsv2-025,1000000,v4,refine,true,true,,completed,0,0,0,0,5094,5094,0,"[[3,2],0,5,30,5,0,5]","[[3,2],0,5,30,5,0,5]","[[3,2],0,5,30,5,0,5]",0,false,false,false
gsv2-025,1000000,v4,plateau_lns,false,false,no_budget,,0,0,0,0,0,0,0,"[[3,2],0,5,30,5,0,5]","[[3,2],0,5,30,5,0,5]",,0,false,false,false
gsv2-025,1000000,v4,plateau_refine,false,false,no_budget,,0,0,0,0,0,0,0,"[[3,2],0,5,30,5,0,5]","[[3,2],0,5,30,5,0,5]",,0,false,false,false
gsv2-026,1000000,v4,coverage_seed,false,false,coverage_disabled,,0,250000,250000,0,0,0,0,,,,0,false,false,false
gsv2-026,1000000,v4,packing_seed,true,true,,completed,47348,40152,87500,47348,0,64,0.047348,,"[[6,1],0,7,17,3,0,4]","[[6,1],0,7,17,3,0,4]",1,true,false,false
gsv2-026,1000000,v4,star_seed,true,true,,completed,127603,0,127603,127603,0,0,0.127603,"[[6,1],0,7,17,3,0,4]","[[6,1],0,7,17,3,0,4]",,0,false,false,true
gsv2-026,1000000,v4,constellation_seed_v1,true,true,,completed,34897,2603,37500,34897,0,256,0.034897,"[[6,1],0,7,17,3,0,4]","[[10,2],0,12,17,6,0,7]","[[10,2],0,12,17,6,0,7]",1,true,false,false
gsv2-026,1000000,v4,constellation_parent_frontier_hedge,false,false,,,0,0,0,0,0,0,0,"[[10,2],0,12,17,6,0,7]","[[10,2],0,12,17,6,0,7]",,0,false,false,false
gsv2-026,1000000,v4,pre_repair,true,true,,no_improvement,165973,34027,200000,165973,0,8793,0.165973,"[[10,2],0,12,17,6,0,7]","[[10,2],1,12,17,6,0,7]","[[10,2],1,12,17,6,0,7]",1,true,true,false
gsv2-026,1000000,v4,dfs,true,true,,budget_exhausted,424179,0,424179,424179,0,294243,0.424179,"[[10,2],1,12,17,6,0,7]","[[10,2],1,12,17,6,0,7]","[[10,2],1,12,17,6,0,7]",0,false,false,true
gsv2-026,1000000,v4,post_repair,true,true,,no_improvement,70000,130000,200000,70000,0,3719,0.07,"[[10,2],1,12,17,6,0,7]","[[10,2],1,12,17,6,0,7]","[[10,2],1,12,17,6,0,7]",0,false,false,true
gsv2-026,1000000,v4,completion,false,false,skips_disabled,,0,0,0,0,0,0,0,"[[10,2],1,12,17,6,0,7]","[[10,2],1,12,17,6,0,7]",,0,false,false,false
gsv2-026,1000000,v4,refine,true,true,,completed,0,0,0,0,4304,3392,0,"[[10,2],1,12,17,6,0,7]","[[10,2],1,12,17,6,0,7]","[[10,2],1,12,17,6,0,7]",0,false,false,false
gsv2-026,1000000,v4,plateau_lns,true,true,,completed,100000,0,100000,100000,0,794,0.1,"[[10,2],1,12,17,6,0,7]","[[10,2],1,12,17,6,0,7]","[[10,2],1,12,17,6,0,7]",0,false,false,true
gsv2-026,1000000,v4,plateau_refine,true,true,,completed,7140,22860,30000,7140,0,1288,0.00714,"[[10,2],1,12,17,6,0,7]","[[10,2],1,12,17,6,0,7]","[[10,2],1,12,17,6,0,7]",0,false,false,false
gsv2-013,1000000,v5,coverage_seed,false,false,coverage_disabled,,0,250000,250000,0,0,0,0,,,,0,false,false,false
gsv2-013,1000000,v5,packing_seed,true,true,,completed,26825,60675,87500,26825,0,64,0.026825,,"[[2,0],0,2,19,2,0,2]","[[2,0],0,2,19,2,0,2]",1,true,false,false
gsv2-013,1000000,v5,star_seed,true,true,,completed,92804,64597,157401,92804,0,6,0.092804,"[[2,0],0,2,19,2,0,2]","[[4,4],0,8,19,6,0,6]","[[4,4],0,8,19,6,0,6]",1,true,false,false
gsv2-013,1000000,v5,constellation_seed_v1,true,true,,no_priority_constellation,5099,32401,37500,5099,0,0,0.005099,"[[4,4],0,8,19,6,0,6]","[[4,4],0,8,19,6,0,6]",,0,false,false,false
gsv2-013,1000000,v5,constellation_parent_frontier_hedge,false,false,,,0,0,0,0,0,0,0,"[[4,4],0,8,19,6,0,6]","[[4,4],0,8,19,6,0,6]",,0,false,false,false
gsv2-013,1000000,v5,pre_repair,true,true,,no_improvement,41218,158782,200000,41218,0,772,0.041218,"[[4,4],0,8,19,6,0,6]","[[4,4],0,8,19,6,0,6]","[[4,4],0,8,19,6,0,6]",0,false,false,false
gsv2-013,1000000,v5,dfs,true,true,,budget_exhausted,634054,0,634054,634054,0,1076,0.634054,"[[4,4],0,8,19,6,0,6]","[[4,4],0,8,19,6,0,6]","[[4,4],0,8,19,6,0,6]",0,false,false,true
gsv2-013,1000000,v5,post_repair,true,true,,no_improvement,85097,114903,200000,85097,0,426,0.085097,"[[4,4],0,8,19,6,0,6]","[[4,5],0,9,19,6,0,6]","[[4,5],0,9,19,6,0,6]",1,true,true,false
gsv2-013,1000000,v5,completion,false,false,skips_disabled,,0,0,0,0,0,0,0,"[[4,5],0,9,19,6,0,6]","[[4,5],0,9,19,6,0,6]",,0,false,false,false
gsv2-013,1000000,v5,refine,true,true,,completed,0,0,0,0,512,464,0,"[[4,5],0,9,19,6,0,6]","[[4,5],0,9,19,6,0,6]","[[4,5],0,9,19,6,0,6]",0,false,false,false
gsv2-013,1000000,v5,plateau_lns,false,false,priority_not_reached,,0,0,0,0,0,0,0,"[[4,5],0,9,19,6,0,6]","[[4,5],0,9,19,6,0,6]",,0,false,false,false
gsv2-013,1000000,v5,plateau_refine,false,false,priority_not_reached,,0,0,0,0,0,0,0,"[[4,5],0,9,19,6,0,6]","[[4,5],0,9,19,6,0,6]",,0,false,false,false
gsv2-014,1000000,v5,coverage_seed,false,false,coverage_disabled,,0,250000,250000,0,0,0,0,,,,0,false,false,false
gsv2-014,1000000,v5,packing_seed,true,true,,completed,53063,34437,87500,53063,0,64,0.053063,,"[[1,1],1,2,18,2,0,2]","[[1,1],1,2,18,2,0,2]",1,true,false,false
gsv2-014,1000000,v5,star_seed,true,true,,completed,111790,13210,125000,111790,0,0,0.11179,"[[1,1],1,2,18,2,0,2]","[[1,1],1,2,18,2,0,2]",,0,false,false,true
gsv2-014,1000000,v5,constellation_seed_v1,true,true,,completed,37500,0,37500,37500,0,0,0.0375,"[[1,1],1,2,18,2,0,2]","[[1,1],1,2,18,2,0,2]",,0,false,false,false
gsv2-014,1000000,v5,constellation_parent_frontier_hedge,false,false,,,0,0,0,0,0,0,0,"[[1,1],1,2,18,2,0,2]","[[1,1],1,2,18,2,0,2]",,0,false,false,false
gsv2-014,1000000,v5,pre_repair,true,true,,no_improvement,43739,156261,200000,43739,0,443,0.043739,"[[1,1],1,2,18,2,0,2]","[[2,3],1,5,18,4,0,5]","[[2,3],1,5,18,4,0,5]",3,true,true,false
gsv2-014,1000000,v5,dfs,true,true,,budget_exhausted,553908,0,553908,553908,0,0,0.553908,"[[2,3],1,5,18,4,0,5]","[[2,3],1,5,18,4,0,5]",,0,false,false,true
gsv2-014,1000000,v5,post_repair,true,true,,no_improvement,52948,147052,200000,52948,0,48,0.052948,"[[2,3],1,5,18,4,0,5]","[[2,3],1,5,18,4,0,5]","[[2,3],1,5,18,4,0,5]",0,false,false,true
gsv2-014,1000000,v5,completion,false,false,skips_disabled,,0,0,0,0,0,0,0,"[[2,3],1,5,18,4,0,5]","[[2,3],1,5,18,4,0,5]",,0,false,false,false
gsv2-014,1000000,v5,refine,true,true,,completed,0,0,0,0,480,464,0,"[[2,3],1,5,18,4,0,5]","[[2,3],1,5,18,4,0,5]","[[2,3],1,5,18,4,0,5]",0,false,false,false
gsv2-014,1000000,v5,plateau_lns,false,false,priority_not_reached,,0,0,0,0,0,0,0,"[[2,3],1,5,18,4,0,5]","[[2,3],1,5,18,4,0,5]",,0,false,false,false
gsv2-014,1000000,v5,plateau_refine,false,false,priority_not_reached,,0,0,0,0,0,0,0,"[[2,3],1,5,18,4,0,5]","[[2,3],1,5,18,4,0,5]",,0,false,false,false
gsv2-015,1000000,v5,coverage_seed,false,false,coverage_disabled,,0,250000,250000,0,0,0,0,,,,0,false,false,false
gsv2-015,1000000,v5,packing_seed,true,true,,completed,33152,54348,87500,33152,0,64,0.033152,,"[[3,2],0,5,12,5,0,5]","[[3,2],0,5,12,5,0,5]",1,true,false,false
gsv2-015,1000000,v5,star_seed,true,true,,completed,99154,57738,156892,99154,0,256,0.099154,"[[3,2],0,5,12,5,0,5]","[[5,3],0,8,12,6,0,6]","[[5,3],0,8,12,6,0,6]",1,true,false,false
gsv2-015,1000000,v5,constellation_seed_v1,true,true,,no_priority_constellation,5608,31892,37500,5608,0,0,0.005608,"[[5,3],0,8,12,6,0,6]","[[5,3],0,8,12,6,0,6]",,0,false,false,false
gsv2-015,1000000,v5,constellation_parent_frontier_hedge,false,false,,,0,0,0,0,0,0,0,"[[5,3],0,8,12,6,0,6]","[[5,3],0,8,12,6,0,6]",,0,false,false,false
gsv2-015,1000000,v5,pre_repair,true,true,,no_improvement,79215,120785,200000,79215,0,83,0.079215,"[[5,3],0,8,12,6,0,6]","[[6,2],0,8,12,6,0,6]","[[6,2],0,8,12,6,0,6]",1,true,true,false
gsv2-015,1000000,v5,dfs,true,true,,budget_exhausted,582871,0,582871,582871,0,0,0.582871,"[[6,2],0,8,12,6,0,6]","[[6,2],0,8,12,6,0,6]",,0,false,false,true
gsv2-015,1000000,v5,post_repair,true,true,,no_improvement,200000,0,200000,200000,0,192,0.2,"[[6,2],0,8,12,6,0,6]","[[6,2],0,8,12,6,0,6]","[[6,2],0,8,12,6,0,6]",0,false,false,true
gsv2-015,1000000,v5,completion,false,false,skips_disabled,,0,0,0,0,0,0,0,"[[6,2],0,8,12,6,0,6]","[[6,2],0,8,12,6,0,6]",,0,false,false,false
gsv2-015,1000000,v5,refine,true,true,,completed,0,0,0,0,11200,10048,0,"[[6,2],0,8,12,6,0,6]","[[6,2],0,8,12,6,0,6]","[[6,2],0,8,12,6,0,6]",0,false,false,false
gsv2-015,1000000,v5,plateau_lns,false,false,priority_not_reached,,0,0,0,0,0,0,0,"[[6,2],0,8,12,6,0,6]","[[6,2],0,8,12,6,0,6]",,0,false,false,false
gsv2-015,1000000,v5,plateau_refine,false,false,priority_not_reached,,0,0,0,0,0,0,0,"[[6,2],0,8,12,6,0,6]","[[6,2],0,8,12,6,0,6]",,0,false,false,false
gsv2-016,1000000,v5,coverage_seed,false,false,coverage_disabled,,0,250000,250000,0,0,0,0,,,,0,false,false,false
gsv2-016,1000000,v5,packing_seed,true,true,,completed,54837,32663,87500,54837,0,64,0.054837,,"[[3,3],1,6,17,4,0,4]","[[3,3],1,6,17,4,0,4]",1,true,false,false
gsv2-016,1000000,v5,star_seed,true,true,,completed,145420,10000,155420,145420,0,256,0.14542,"[[3,3],1,6,17,4,0,4]","[[7,3],1,10,17,6,0,8]","[[7,3],1,10,17,6,0,8]",1,true,true,false
gsv2-016,1000000,v5,constellation_seed_v1,true,true,,no_priority_constellation,7080,30420,37500,7080,0,0,0.00708,"[[7,3],1,10,17,6,0,8]","[[7,3],1,10,17,6,0,8]",,0,false,false,false
gsv2-016,1000000,v5,constellation_parent_frontier_hedge,false,false,,,0,0,0,0,0,0,0,"[[7,3],1,10,17,6,0,8]","[[7,3],1,10,17,6,0,8]",,0,false,false,false
gsv2-016,1000000,v5,pre_repair,true,true,,no_improvement,58334,141666,200000,58334,0,0,0.058334,"[[7,3],1,10,17,6,0,8]","[[7,3],1,10,17,6,0,8]",,0,false,false,true
gsv2-016,1000000,v5,dfs,true,true,,budget_exhausted,529564,4765,534329,529564,0,27714,0.529564,"[[7,3],1,10,17,6,0,8]","[[7,3],1,10,17,6,0,8]","[[7,3],1,10,17,6,0,8]",0,false,false,true
gsv2-016,1000000,v5,post_repair,true,true,,no_improvement,200000,0,200000,200000,0,0,0.2,"[[7,3],1,10,17,6,0,8]","[[7,3],1,10,17,6,0,8]",,0,false,false,true
gsv2-016,1000000,v5,completion,false,false,skips_disabled,,0,0,0,0,0,0,0,"[[7,3],1,10,17,6,0,8]","[[7,3],1,10,17,6,0,8]",,0,false,false,false
gsv2-016,1000000,v5,refine,true,true,,completed,0,0,0,0,3408,2976,0,"[[7,3],1,10,17,6,0,8]","[[7,3],1,10,17,6,0,8]","[[7,3],1,10,17,6,0,8]",0,false,false,false
gsv2-016,1000000,v5,plateau_lns,false,false,priority_not_reached,,0,0,0,0,0,0,0,"[[7,3],1,10,17,6,0,8]","[[7,3],1,10,17,6,0,8]",,0,false,false,false
gsv2-016,1000000,v5,plateau_refine,false,false,priority_not_reached,,0,0,0,0,0,0,0,"[[7,3],1,10,17,6,0,8]","[[7,3],1,10,17,6,0,8]",,0,false,false,false
gsv2-017,1000000,v5,coverage_seed,false,false,coverage_disabled,,0,250000,250000,0,0,0,0,,,,0,false,false,false
gsv2-017,1000000,v5,packing_seed,true,true,,completed,48287,39213,87500,48287,0,64,0.048287,,"[[4,0],0,4,18,3,0,3]","[[4,0],0,4,18,3,0,3]",1,true,false,false
gsv2-017,1000000,v5,star_seed,true,true,,completed,125000,0,125000,125000,0,0,0.125,"[[4,0],0,4,18,3,0,3]","[[4,0],0,4,18,3,0,3]",,0,false,false,true
gsv2-017,1000000,v5,constellation_seed_v1,true,true,,completed,37500,0,37500,37500,0,0,0.0375,"[[4,0],0,4,18,3,0,3]","[[4,0],0,4,18,3,0,3]",,0,false,false,false
gsv2-017,1000000,v5,constellation_parent_frontier_hedge,false,false,,,0,0,0,0,0,0,0,"[[4,0],0,4,18,3,0,3]","[[4,0],0,4,18,3,0,3]",,0,false,false,false
gsv2-017,1000000,v5,pre_repair,true,true,,no_improvement,170051,29949,200000,170051,0,4444,0.170051,"[[4,0],0,4,18,3,0,3]","[[6,3],1,9,18,6,0,6]","[[6,3],1,9,18,6,0,6]",12,true,true,false
gsv2-017,1000000,v5,dfs,true,true,,budget_exhausted,419162,0,419162,419162,0,2495,0.419162,"[[6,3],1,9,18,6,0,6]","[[6,3],1,9,18,6,0,6]","[[6,3],0,9,18,6,0,6]",0,false,false,true
gsv2-017,1000000,v5,post_repair,true,true,,no_improvement,127116,72884,200000,127116,0,12076,0.127116,"[[6,3],1,9,18,6,0,6]","[[6,3],1,9,18,6,0,6]","[[6,3],1,9,18,6,0,6]",0,false,false,true
gsv2-017,1000000,v5,completion,false,false,skips_disabled,,0,0,0,0,0,0,0,"[[6,3],1,9,18,6,0,6]","[[6,3],1,9,18,6,0,6]",,0,false,false,false
gsv2-017,1000000,v5,refine,true,true,,completed,0,0,0,0,7232,5840,0,"[[6,3],1,9,18,6,0,6]","[[6,3],1,9,18,6,0,6]","[[6,3],1,9,18,6,0,6]",0,false,false,false
gsv2-017,1000000,v5,plateau_lns,true,true,,no_eligible_neighborhoods,0,72884,72884,0,0,0,0,"[[6,3],1,9,18,6,0,6]","[[6,3],1,9,18,6,0,6]",,0,false,false,false
gsv2-017,1000000,v5,plateau_refine,true,true,,completed,841,49159,50000,841,0,198,0.000841,"[[6,3],1,9,18,6,0,6]","[[6,3],1,9,18,6,0,6]","[[6,3],1,9,18,6,0,6]",0,false,false,false
gsv2-018,1000000,v5,coverage_seed,false,false,coverage_disabled,,0,250000,250000,0,0,0,0,,,,0,false,false,false
gsv2-018,1000000,v5,packing_seed,true,true,,completed,39228,48272,87500,39228,0,64,0.039228,,"[[0,0],1,0,15,0,0,0]","[[0,0],1,0,15,0,0,0]",1,true,false,false
gsv2-018,1000000,v5,star_seed,true,true,,completed,86208,38792,125000,86208,0,256,0.086208,"[[0,0],1,0,15,0,0,0]","[[2,0],1,2,15,2,0,2]","[[2,0],1,2,15,2,0,2]",1,true,true,false
gsv2-018,1000000,v5,constellation_seed_v1,true,true,,completed,37500,0,37500,37500,0,0,0.0375,"[[2,0],1,2,15,2,0,2]","[[2,0],1,2,15,2,0,2]",,0,false,false,false
gsv2-018,1000000,v5,constellation_parent_frontier_hedge,false,false,,,0,0,0,0,0,0,0,"[[2,0],1,2,15,2,0,2]","[[2,0],1,2,15,2,0,2]",,0,false,false,false
gsv2-018,1000000,v5,pre_repair,true,true,,no_eligible_neighborhoods,0,200000,200000,0,0,0,0,"[[2,0],1,2,15,2,0,2]","[[2,0],1,2,15,2,0,2]",,0,false,false,false
gsv2-018,1000000,v5,dfs,true,true,,budget_exhausted,637064,0,637064,637064,0,189760,0.637064,"[[2,0],1,2,15,2,0,2]","[[2,0],1,2,15,2,0,2]","[[2,0],1,2,15,2,0,2]",0,false,false,true
gsv2-018,1000000,v5,post_repair,true,true,,no_eligible_neighborhoods,0,200000,200000,0,0,0,0,"[[2,0],1,2,15,2,0,2]","[[2,0],1,2,15,2,0,2]",,0,false,false,false
gsv2-018,1000000,v5,completion,false,false,skips_disabled,,0,0,0,0,0,0,0,"[[2,0],1,2,15,2,0,2]","[[2,0],1,2,15,2,0,2]",,0,false,false,false
gsv2-018,1000000,v5,refine,true,true,,completed,0,0,0,0,1532,1532,0,"[[2,0],1,2,15,2,0,2]","[[2,0],1,2,15,2,0,2]","[[2,0],1,2,15,2,0,2]",0,false,false,false
gsv2-018,1000000,v5,plateau_lns,true,true,,no_eligible_neighborhoods,0,100000,100000,0,0,0,0,"[[2,0],1,2,15,2,0,2]","[[2,0],1,2,15,2,0,2]",,0,false,false,false
gsv2-018,1000000,v5,plateau_refine,true,true,,completed,292,49708,50000,292,0,267,0.000292,"[[2,0],1,2,15,2,0,2]","[[2,0],1,2,15,2,0,2]","[[2,0],1,2,15,2,0,2]",0,false,false,false
gsv2-019,1000000,v5,coverage_seed,false,false,coverage_disabled,,0,250000,250000,0,0,0,0,,,,0,false,false,false
gsv2-019,1000000,v5,packing_seed,true,true,,completed,37795,49705,87500,37795,0,64,0.037795,,"[[2,1],0,3,20,3,0,3]","[[2,1],0,3,20,3,0,3]",1,true,false,false
gsv2-019,1000000,v5,star_seed,true,true,,completed,125000,0,125000,125000,0,0,0.125,"[[2,1],0,3,20,3,0,3]","[[2,1],0,3,20,3,0,3]",,0,false,false,true
gsv2-019,1000000,v5,constellation_seed_v1,true,true,,completed,37500,0,37500,37500,0,0,0.0375,"[[2,1],0,3,20,3,0,3]","[[2,1],0,3,20,3,0,3]",,0,false,false,false
gsv2-019,1000000,v5,constellation_parent_frontier_hedge,false,false,,,0,0,0,0,0,0,0,"[[2,1],0,3,20,3,0,3]","[[2,1],0,3,20,3,0,3]",,0,false,false,false
gsv2-019,1000000,v5,pre_repair,true,true,,no_improvement,177635,22365,200000,177635,0,161668,0.177635,"[[2,1],0,3,20,3,0,3]","[[3,0],0,3,20,3,0,3]","[[3,0],0,3,20,3,0,3]",1,true,false,false
gsv2-019,1000000,v5,dfs,true,true,,budget_exhausted,386338,35732,422070,386338,0,327195,0.386338,"[[3,0],0,3,20,3,0,3]","[[3,1],0,4,20,4,0,4]","[[3,1],0,4,20,4,0,4]",1,true,false,false
gsv2-019,1000000,v5,post_repair,true,true,,no_improvement,162328,37672,200000,162328,0,80358,0.162328,"[[3,1],0,4,20,4,0,4]","[[3,2],0,5,20,5,0,5]","[[3,2],0,5,20,5,0,5]",1,true,true,false
gsv2-019,1000000,v5,completion,false,false,skips_disabled,,0,0,0,0,0,0,0,"[[3,2],0,5,20,5,0,5]","[[3,2],0,5,20,5,0,5]",,0,false,false,false
gsv2-019,1000000,v5,refine,true,true,,completed,0,0,0,0,10040,10040,0,"[[3,2],0,5,20,5,0,5]","[[3,2],0,5,20,5,0,5]","[[3,2],0,5,20,5,0,5]",0,false,false,false
gsv2-019,1000000,v5,plateau_lns,true,true,,completed,73404,0,73404,73404,0,65080,0.073404,"[[3,2],0,5,20,5,0,5]","[[3,2],0,5,20,5,0,5]","[[3,2],0,5,20,5,0,5]",0,false,false,true
gsv2-019,1000000,v5,plateau_refine,false,false,no_budget,,0,0,0,0,0,0,0,"[[3,2],0,5,20,5,0,5]","[[3,2],0,5,20,5,0,5]",,0,false,false,false
gsv2-020,1000000,v5,coverage_seed,false,false,coverage_disabled,,0,250000,250000,0,0,0,0,,,,0,false,false,false
gsv2-020,1000000,v5,packing_seed,true,true,,completed,30206,57294,87500,30206,0,64,0.030206,,"[[3,1],1,4,18,3,0,3]","[[3,1],1,4,18,3,0,3]",1,true,false,false
gsv2-020,1000000,v5,star_seed,true,true,,completed,86184,58428,144612,86184,0,76,0.086184,"[[3,1],1,4,18,3,0,3]","[[3,1],1,4,18,3,0,3]","[[4,4],0,8,18,6,0,8]",0,false,false,true
gsv2-020,1000000,v5,constellation_seed_v1,true,true,,completed,17888,19612,37500,17888,0,303,0.017888,"[[3,1],1,4,18,3,0,3]","[[4,4],0,8,18,6,0,8]","[[4,4],0,8,18,6,0,8]",1,true,true,false
gsv2-020,1000000,v5,constellation_parent_frontier_hedge,false,false,,,0,0,0,0,0,0,0,"[[4,4],0,8,18,6,0,8]","[[4,4],0,8,18,6,0,8]",,0,false,false,false
gsv2-020,1000000,v5,pre_repair,true,true,,no_eligible_neighborhoods,0,200000,200000,0,0,0,0,"[[4,4],0,8,18,6,0,8]","[[4,4],0,8,18,6,0,8]",,0,false,false,false
gsv2-020,1000000,v5,dfs,true,true,,budget_exhausted,665722,0,665722,665722,0,1444,0.665722,"[[4,4],0,8,18,6,0,8]","[[4,4],0,8,18,6,0,8]","[[4,4],0,8,18,6,0,8]",0,false,false,true
gsv2-020,1000000,v5,post_repair,true,true,,no_eligible_neighborhoods,0,200000,200000,0,0,0,0,"[[4,4],0,8,18,6,0,8]","[[4,4],0,8,18,6,0,8]",,0,false,false,false
gsv2-020,1000000,v5,completion,false,false,skips_disabled,,0,0,0,0,0,0,0,"[[4,4],0,8,18,6,0,8]","[[4,4],0,8,18,6,0,8]",,0,false,false,false
gsv2-020,1000000,v5,refine,true,true,,completed,0,0,0,0,1674,1466,0,"[[4,4],0,8,18,6,0,8]","[[4,4],0,8,18,6,0,8]","[[4,4],0,8,18,6,0,8]",0,false,false,false
gsv2-020,1000000,v5,plateau_lns,true,true,,no_eligible_neighborhoods,0,100000,100000,0,0,0,0,"[[4,4],0,8,18,6,0,8]","[[4,4],0,8,18,6,0,8]",,0,false,false,false
gsv2-020,1000000,v5,plateau_refine,true,true,,completed,794,49206,50000,794,0,136,0.000794,"[[4,4],0,8,18,6,0,8]","[[4,4],0,8,18,6,0,8]","[[4,4],0,8,18,6,0,8]",0,false,false,false
gsv2-021,1000000,v5,coverage_seed,false,false,coverage_disabled,,0,250000,250000,0,0,0,0,,,,0,false,false,false
gsv2-021,1000000,v5,packing_seed,true,true,,completed,28765,58735,87500,28765,0,64,0.028765,,"[[6,3],0,9,21,5,0,7]","[[6,3],0,9,21,5,0,7]",1,true,false,false
gsv2-021,1000000,v5,star_seed,true,true,,completed,128612,26138,154750,128612,0,0,0.128612,"[[6,3],0,9,21,5,0,7]","[[6,3],0,9,21,5,0,7]",,0,false,false,true
gsv2-021,1000000,v5,constellation_seed_v1,true,true,,no_priority_constellation,7750,29750,37500,7750,0,0,0.00775,"[[6,3],0,9,21,5,0,7]","[[6,3],0,9,21,5,0,7]",,0,false,false,false
gsv2-021,1000000,v5,constellation_parent_frontier_hedge,false,false,,,0,0,0,0,0,0,0,"[[6,3],0,9,21,5,0,7]","[[6,3],0,9,21,5,0,7]",,0,false,false,false
gsv2-021,1000000,v5,pre_repair,true,true,,no_remaining_neighborhoods,116753,83247,200000,116753,0,2578,0.116753,"[[6,3],0,9,21,5,0,7]","[[10,3],0,13,21,6,0,8]","[[10,3],0,13,21,6,0,8]",9,true,true,false
gsv2-021,1000000,v5,dfs,true,true,,budget_exhausted,518120,0,518120,518120,0,194230,0.51812,"[[10,3],0,13,21,6,0,8]","[[10,3],0,13,21,6,0,8]","[[10,3],0,13,21,6,0,8]",0,false,false,true
gsv2-021,1000000,v5,post_repair,true,true,,no_improvement,88176,111824,200000,88176,0,246,0.088176,"[[10,3],0,13,21,6,0,8]","[[10,3],0,13,21,6,0,8]","[[10,3],0,13,21,6,0,8]",0,false,false,true
gsv2-021,1000000,v5,completion,false,false,skips_disabled,,0,0,0,0,0,0,0,"[[10,3],0,13,21,6,0,8]","[[10,3],0,13,21,6,0,8]",,0,false,false,false
gsv2-021,1000000,v5,refine,true,true,,completed,0,0,0,0,1760,1200,0,"[[10,3],0,13,21,6,0,8]","[[10,3],0,13,21,6,0,8]","[[10,3],0,13,21,6,0,8]",0,false,false,false
gsv2-021,1000000,v5,plateau_lns,false,false,priority_not_reached,,0,0,0,0,0,0,0,"[[10,3],0,13,21,6,0,8]","[[10,3],0,13,21,6,0,8]",,0,false,false,false
gsv2-021,1000000,v5,plateau_refine,false,false,priority_not_reached,,0,0,0,0,0,0,0,"[[10,3],0,13,21,6,0,8]","[[10,3],0,13,21,6,0,8]",,0,false,false,false
gsv2-022,1000000,v5,coverage_seed,false,false,coverage_disabled,,0,250000,250000,0,0,0,0,,,,0,false,false,false
gsv2-022,1000000,v5,packing_seed,true,true,,completed,33400,54100,87500,33400,0,64,0.0334,,"[[2,0],0,2,17,1,0,1]","[[2,0],0,2,17,1,0,1]",1,true,false,false
gsv2-022,1000000,v5,star_seed,true,true,,completed,88242,69794,158036,88242,0,256,0.088242,"[[2,0],0,2,17,1,0,1]","[[4,2],0,6,17,5,0,6]","[[4,2],0,6,17,5,0,6]",1,true,false,false
gsv2-022,1000000,v5,constellation_seed_v1,true,true,,no_priority_constellation,4464,33036,37500,4464,0,0,0.004464,"[[4,2],0,6,17,5,0,6]","[[4,2],0,6,17,5,0,6]",,0,false,false,false
gsv2-022,1000000,v5,constellation_parent_frontier_hedge,false,false,,,0,0,0,0,0,0,0,"[[4,2],0,6,17,5,0,6]","[[4,2],0,6,17,5,0,6]",,0,false,false,false
gsv2-022,1000000,v5,pre_repair,true,true,,no_improvement,156300,43700,200000,156300,0,478,0.1563,"[[4,2],0,6,17,5,0,6]","[[5,3],0,8,17,6,0,8]","[[5,3],0,8,17,6,0,8]",5,true,true,false
gsv2-022,1000000,v5,dfs,true,true,,budget_exhausted,517594,0,517594,517594,0,5581,0.517594,"[[5,3],0,8,17,6,0,8]","[[5,3],0,8,17,6,0,8]","[[5,3],0,8,17,6,0,8]",0,false,false,true
gsv2-022,1000000,v5,post_repair,true,true,,no_improvement,60000,140000,200000,60000,0,8,0.06,"[[5,3],0,8,17,6,0,8]","[[5,3],0,8,17,6,0,8]","[[5,3],0,8,17,6,0,8]",0,false,false,true
gsv2-022,1000000,v5,completion,false,false,skips_disabled,,0,0,0,0,0,0,0,"[[5,3],0,8,17,6,0,8]","[[5,3],0,8,17,6,0,8]",,0,false,false,false
gsv2-022,1000000,v5,refine,true,true,,completed,0,0,0,0,656,560,0,"[[5,3],0,8,17,6,0,8]","[[5,3],0,8,17,6,0,8]","[[5,3],0,8,17,6,0,8]",0,false,false,false
gsv2-022,1000000,v5,plateau_lns,false,false,priority_not_reached,,0,0,0,0,0,0,0,"[[5,3],0,8,17,6,0,8]","[[5,3],0,8,17,6,0,8]",,0,false,false,false
gsv2-022,1000000,v5,plateau_refine,false,false,priority_not_reached,,0,0,0,0,0,0,0,"[[5,3],0,8,17,6,0,8]","[[5,3],0,8,17,6,0,8]",,0,false,false,false
gsv2-023,1000000,v5,coverage_seed,false,false,coverage_disabled,,0,250000,250000,0,0,0,0,,,,0,false,false,false
gsv2-023,1000000,v5,packing_seed,true,true,,completed,54855,32645,87500,54855,0,64,0.054855,,"[[2,1],0,3,14,3,0,3]","[[2,1],0,3,14,3,0,3]",1,true,false,false
gsv2-023,1000000,v5,star_seed,true,true,,completed,151187,0,151187,151187,0,0,0.151187,"[[2,1],0,3,14,3,0,3]","[[2,1],0,3,14,3,0,3]",,0,false,false,true
gsv2-023,1000000,v5,constellation_seed_v1,true,true,,no_priority_constellation,11313,26187,37500,11313,0,0,0.011313,"[[2,1],0,3,14,3,0,3]","[[2,1],0,3,14,3,0,3]",,0,false,false,false
gsv2-023,1000000,v5,constellation_parent_frontier_hedge,false,false,,,0,0,0,0,0,0,0,"[[2,1],0,3,14,3,0,3]","[[2,1],0,3,14,3,0,3]",,0,false,false,false
gsv2-023,1000000,v5,pre_repair,true,true,,budget_exhausted,200000,0,200000,200000,0,1820,0.2,"[[2,1],0,3,14,3,0,3]","[[4,3],0,7,14,6,0,7]","[[4,3],0,7,14,6,0,7]",5,true,false,false
gsv2-023,1000000,v5,dfs,true,true,,budget_exhausted,382645,0,382645,382645,0,9617,0.382645,"[[4,3],0,7,14,6,0,7]","[[4,3],0,7,14,6,0,7]","[[4,3],0,7,14,6,0,6]",0,false,false,true
gsv2-023,1000000,v5,post_repair,true,true,,no_improvement,200000,0,200000,200000,0,956,0.2,"[[4,3],0,7,14,6,0,7]","[[4,3],0,7,14,6,0,7]","[[4,3],0,7,14,6,0,7]",0,false,false,true
gsv2-023,1000000,v5,completion,false,false,skips_disabled,,0,0,0,0,0,0,0,"[[4,3],0,7,14,6,0,7]","[[4,3],0,7,14,6,0,7]",,0,false,false,false
gsv2-023,1000000,v5,refine,true,true,,completed,0,0,0,0,24448,17408,0,"[[4,3],0,7,14,6,0,7]","[[4,4],0,8,14,6,0,8]","[[4,4],0,8,14,6,0,8]",1,true,true,false
gsv2-023,1000000,v5,plateau_lns,false,false,priority_not_reached,,0,0,0,0,0,0,0,"[[4,4],0,8,14,6,0,8]","[[4,4],0,8,14,6,0,8]",,0,false,false,false
gsv2-023,1000000,v5,plateau_refine,false,false,priority_not_reached,,0,0,0,0,0,0,0,"[[4,4],0,8,14,6,0,8]","[[4,4],0,8,14,6,0,8]",,0,false,false,false
gsv2-024,1000000,v5,coverage_seed,false,false,coverage_disabled,,0,250000,250000,0,0,0,0,,,,0,false,false,false
gsv2-024,1000000,v5,packing_seed,true,true,,completed,43681,43819,87500,43681,0,15,0.043681,,"[[0,3],1,3,33,3,0,3]","[[0,3],1,3,33,3,0,3]",1,true,false,false
gsv2-024,1000000,v5,star_seed,true,true,,completed,125000,0,125000,125000,0,0,0.125,"[[0,3],1,3,33,3,0,3]","[[0,3],1,3,33,3,0,3]",,0,false,false,true
gsv2-024,1000000,v5,constellation_seed_v1,true,true,,completed,37500,0,37500,37500,0,0,0.0375,"[[0,3],1,3,33,3,0,3]","[[0,3],1,3,33,3,0,3]",,0,false,false,false
gsv2-024,1000000,v5,constellation_parent_frontier_hedge,false,false,,,0,0,0,0,0,0,0,"[[0,3],1,3,33,3,0,3]","[[0,3],1,3,33,3,0,3]",,0,false,false,false
gsv2-024,1000000,v5,pre_repair,true,true,,no_improvement,76996,123004,200000,76996,0,12322,0.076996,"[[0,3],1,3,33,3,0,3]","[[3,3],1,6,33,6,0,6]","[[3,3],1,6,33,6,0,6]",8,true,true,false
gsv2-024,1000000,v5,dfs,true,true,,budget_exhausted,506223,10600,516823,506223,0,136666,0.506223,"[[3,3],1,6,33,6,0,6]","[[3,3],1,6,33,6,0,6]","[[3,3],1,6,33,6,0,6]",0,false,false,true
gsv2-024,1000000,v5,post_repair,true,true,,no_improvement,93083,106917,200000,93083,0,6744,0.093083,"[[3,3],1,6,33,6,0,6]","[[3,3],1,6,33,6,0,6]","[[3,3],1,6,33,6,0,6]",0,false,false,true
gsv2-024,1000000,v5,completion,false,false,skips_disabled,,0,0,0,0,0,0,0,"[[3,3],1,6,33,6,0,6]","[[3,3],1,6,33,6,0,6]",,0,false,false,false
gsv2-024,1000000,v5,refine,true,true,,completed,0,0,0,0,1056,1056,0,"[[3,3],1,6,33,6,0,6]","[[3,3],1,6,33,6,0,6]","[[3,3],1,6,33,6,0,6]",0,false,false,false
gsv2-024,1000000,v5,plateau_lns,true,true,,no_eligible_neighborhoods,0,100000,100000,0,0,0,0,"[[3,3],1,6,33,6,0,6]","[[3,3],1,6,33,6,0,6]",,0,false,false,false
gsv2-024,1000000,v5,plateau_refine,true,true,,completed,998,49002,50000,998,0,694,0.000998,"[[3,3],1,6,33,6,0,6]","[[3,3],1,6,33,6,0,6]","[[3,3],1,6,33,6,0,6]",0,false,false,false
gsv2-025,1000000,v5,coverage_seed,false,false,coverage_disabled,,0,250000,250000,0,0,0,0,,,,0,false,false,false
gsv2-025,1000000,v5,packing_seed,true,true,,completed,45211,42289,87500,45211,0,64,0.045211,,"[[0,2],0,2,30,2,0,2]","[[0,2],0,2,30,2,0,2]",1,true,false,false
gsv2-025,1000000,v5,star_seed,true,true,,completed,125000,0,125000,125000,0,0,0.125,"[[0,2],0,2,30,2,0,2]","[[0,2],0,2,30,2,0,2]",,0,false,false,true
gsv2-025,1000000,v5,constellation_seed_v1,true,true,,completed,37500,0,37500,37500,0,0,0.0375,"[[0,2],0,2,30,2,0,2]","[[0,2],0,2,30,2,0,2]",,0,false,false,false
gsv2-025,1000000,v5,constellation_parent_frontier_hedge,false,false,,,0,0,0,0,0,0,0,"[[0,2],0,2,30,2,0,2]","[[0,2],0,2,30,2,0,2]",,0,false,false,false
gsv2-025,1000000,v5,pre_repair,true,true,,no_improvement,197117,2883,200000,197117,0,118009,0.197117,"[[0,2],0,2,30,2,0,2]","[[3,2],0,5,30,5,0,5]","[[3,2],0,5,30,5,0,5]",2,true,true,false
gsv2-025,1000000,v5,dfs,true,true,,budget_exhausted,395172,0,395172,395172,0,201511,0.395172,"[[3,2],0,5,30,5,0,5]","[[3,2],0,5,30,5,0,5]","[[3,2],0,5,30,5,0,5]",0,false,false,true
gsv2-025,1000000,v5,post_repair,true,true,,no_improvement,200000,0,200000,200000,0,44514,0.2,"[[3,2],0,5,30,5,0,5]","[[3,2],0,5,30,5,0,5]","[[3,2],0,5,30,5,0,5]",0,false,false,true
gsv2-025,1000000,v5,completion,false,false,skips_disabled,,0,0,0,0,0,0,0,"[[3,2],0,5,30,5,0,5]","[[3,2],0,5,30,5,0,5]",,0,false,false,false
gsv2-025,1000000,v5,refine,true,true,,completed,0,0,0,0,5094,5094,0,"[[3,2],0,5,30,5,0,5]","[[3,2],0,5,30,5,0,5]","[[3,2],0,5,30,5,0,5]",0,false,false,false
gsv2-025,1000000,v5,plateau_lns,false,false,no_budget,,0,0,0,0,0,0,0,"[[3,2],0,5,30,5,0,5]","[[3,2],0,5,30,5,0,5]",,0,false,false,false
gsv2-025,1000000,v5,plateau_refine,false,false,no_budget,,0,0,0,0,0,0,0,"[[3,2],0,5,30,5,0,5]","[[3,2],0,5,30,5,0,5]",,0,false,false,false
gsv2-026,1000000,v5,coverage_seed,false,false,coverage_disabled,,0,250000,250000,0,0,0,0,,,,0,false,false,false
gsv2-026,1000000,v5,packing_seed,true,true,,completed,47348,40152,87500,47348,0,64,0.047348,,"[[6,1],0,7,17,3,0,4]","[[6,1],0,7,17,3,0,4]",1,true,false,false
gsv2-026,1000000,v5,star_seed,true,true,,completed,125000,0,125000,125000,0,0,0.125,"[[6,1],0,7,17,3,0,4]","[[6,1],0,7,17,3,0,4]",,0,false,false,true
gsv2-026,1000000,v5,constellation_seed_v1,true,true,,completed,37500,0,37500,37500,0,0,0.0375,"[[6,1],0,7,17,3,0,4]","[[6,1],0,7,17,3,0,4]",,0,false,false,false
gsv2-026,1000000,v5,constellation_parent_frontier_hedge,false,false,,,0,0,0,0,0,0,0,"[[6,1],0,7,17,3,0,4]","[[6,1],0,7,17,3,0,4]",,0,false,false,false
gsv2-026,1000000,v5,pre_repair,true,true,,no_remaining_neighborhoods,166649,33351,200000,166649,0,1139,0.166649,"[[6,1],0,7,17,3,0,4]","[[9,2],1,11,17,6,0,7]","[[9,2],1,11,17,6,0,7]",11,true,false,false
gsv2-026,1000000,v5,dfs,true,true,,budget_exhausted,423503,0,423503,423503,0,205189,0.423503,"[[9,2],1,11,17,6,0,7]","[[9,2],1,11,17,6,0,7]","[[9,2],1,11,17,6,0,7]",0,false,false,true
gsv2-026,1000000,v5,post_repair,true,true,,no_improvement,200000,0,200000,200000,0,31288,0.2,"[[9,2],1,11,17,6,0,7]","[[10,2],1,12,17,6,0,7]","[[10,2],1,12,17,6,0,7]",1,true,true,false
gsv2-026,1000000,v5,completion,false,false,skips_disabled,,0,0,0,0,0,0,0,"[[10,2],1,12,17,6,0,7]","[[10,2],1,12,17,6,0,7]",,0,false,false,false
gsv2-026,1000000,v5,refine,true,true,,completed,0,0,0,0,19329,14619,0,"[[10,2],1,12,17,6,0,7]","[[10,2],1,12,17,6,0,7]","[[10,2],1,12,17,6,0,7]",0,false,false,false
gsv2-026,1000000,v5,plateau_lns,false,false,no_budget,,0,0,0,0,0,0,0,"[[10,2],1,12,17,6,0,7]","[[10,2],1,12,17,6,0,7]",,0,false,false,false
gsv2-026,1000000,v5,plateau_refine,false,false,no_budget,,0,0,0,0,0,0,0,"[[10,2],1,12,17,6,0,7]","[[10,2],1,12,17,6,0,7]",,0,false,false,false
gsv2-013,1000000,v5.1,coverage_seed,false,false,coverage_disabled,,0,250000,250000,0,0,0,0,,,,0,false,false,false
gsv2-013,1000000,v5.1,packing_seed,true,true,,completed,26825,60675,87500,26825,0,64,0.026825,,"[[2,0],0,2,19,2,0,2]","[[2,0],0,2,19,2,0,2]",1,true,false,false
gsv2-013,1000000,v5.1,star_seed,true,true,,completed,92804,64597,157401,92804,0,6,0.092804,"[[2,0],0,2,19,2,0,2]","[[4,4],0,8,19,6,0,6]","[[4,4],0,8,19,6,0,6]",1,true,false,false
gsv2-013,1000000,v5.1,constellation_seed_v1,true,true,,no_priority_constellation,5099,32401,37500,5099,0,0,0.005099,"[[4,4],0,8,19,6,0,6]","[[4,4],0,8,19,6,0,6]",,0,false,false,false
gsv2-013,1000000,v5.1,constellation_parent_frontier_hedge,false,false,,,0,0,0,0,0,0,0,"[[4,4],0,8,19,6,0,6]","[[4,4],0,8,19,6,0,6]",,0,false,false,false
gsv2-013,1000000,v5.1,pre_repair,true,true,,no_improvement,41218,158782,200000,41218,0,772,0.041218,"[[4,4],0,8,19,6,0,6]","[[4,4],0,8,19,6,0,6]","[[4,4],0,8,19,6,0,6]",0,false,false,false
gsv2-013,1000000,v5.1,dfs,true,true,,budget_exhausted,634054,0,634054,634054,0,1076,0.634054,"[[4,4],0,8,19,6,0,6]","[[4,4],0,8,19,6,0,6]","[[4,4],0,8,19,6,0,6]",0,false,false,true
gsv2-013,1000000,v5.1,post_repair,true,true,,no_improvement,85097,114903,200000,85097,0,426,0.085097,"[[4,4],0,8,19,6,0,6]","[[4,5],0,9,19,6,0,6]","[[4,5],0,9,19,6,0,6]",1,true,true,false
gsv2-013,1000000,v5.1,completion,false,false,skips_disabled,,0,0,0,0,0,0,0,"[[4,5],0,9,19,6,0,6]","[[4,5],0,9,19,6,0,6]",,0,false,false,false
gsv2-013,1000000,v5.1,refine,true,true,,completed,0,0,0,0,512,464,0,"[[4,5],0,9,19,6,0,6]","[[4,5],0,9,19,6,0,6]","[[4,5],0,9,19,6,0,6]",0,false,false,false
gsv2-013,1000000,v5.1,plateau_lns,false,false,priority_not_reached,,0,0,0,0,0,0,0,"[[4,5],0,9,19,6,0,6]","[[4,5],0,9,19,6,0,6]",,0,false,false,false
gsv2-013,1000000,v5.1,plateau_refine,false,false,priority_not_reached,,0,0,0,0,0,0,0,"[[4,5],0,9,19,6,0,6]","[[4,5],0,9,19,6,0,6]",,0,false,false,false
gsv2-014,1000000,v5.1,coverage_seed,false,false,coverage_disabled,,0,250000,250000,0,0,0,0,,,,0,false,false,false
gsv2-014,1000000,v5.1,packing_seed,true,true,,completed,53063,34437,87500,53063,0,64,0.053063,,"[[1,1],1,2,18,2,0,2]","[[1,1],1,2,18,2,0,2]",1,true,false,false
gsv2-014,1000000,v5.1,star_seed,true,true,,completed,111790,14011,125801,111790,0,0,0.11179,"[[1,1],1,2,18,2,0,2]","[[1,1],1,2,18,2,0,2]",,0,false,false,true
gsv2-014,1000000,v5.1,constellation_seed_v1,true,true,,completed,36699,801,37500,36699,0,0,0.036699,"[[1,1],1,2,18,2,0,2]","[[1,1],1,2,18,2,0,2]",,0,false,false,false
gsv2-014,1000000,v5.1,constellation_parent_frontier_hedge,false,false,,,0,0,0,0,0,0,0,"[[1,1],1,2,18,2,0,2]","[[1,1],1,2,18,2,0,2]",,0,false,false,false
gsv2-014,1000000,v5.1,pre_repair,true,true,,no_improvement,43739,156261,200000,43739,0,443,0.043739,"[[1,1],1,2,18,2,0,2]","[[2,3],1,5,18,4,0,5]","[[2,3],1,5,18,4,0,5]",3,true,true,false
gsv2-014,1000000,v5.1,dfs,true,true,,budget_exhausted,554709,0,554709,554709,0,0,0.554709,"[[2,3],1,5,18,4,0,5]","[[2,3],1,5,18,4,0,5]",,0,false,false,true
gsv2-014,1000000,v5.1,post_repair,true,true,,no_improvement,52948,147052,200000,52948,0,48,0.052948,"[[2,3],1,5,18,4,0,5]","[[2,3],1,5,18,4,0,5]","[[2,3],1,5,18,4,0,5]",0,false,false,true
gsv2-014,1000000,v5.1,completion,false,false,skips_disabled,,0,0,0,0,0,0,0,"[[2,3],1,5,18,4,0,5]","[[2,3],1,5,18,4,0,5]",,0,false,false,false
gsv2-014,1000000,v5.1,refine,true,true,,completed,0,0,0,0,480,464,0,"[[2,3],1,5,18,4,0,5]","[[2,3],1,5,18,4,0,5]","[[2,3],1,5,18,4,0,5]",0,false,false,false
gsv2-014,1000000,v5.1,plateau_lns,false,false,priority_not_reached,,0,0,0,0,0,0,0,"[[2,3],1,5,18,4,0,5]","[[2,3],1,5,18,4,0,5]",,0,false,false,false
gsv2-014,1000000,v5.1,plateau_refine,false,false,priority_not_reached,,0,0,0,0,0,0,0,"[[2,3],1,5,18,4,0,5]","[[2,3],1,5,18,4,0,5]",,0,false,false,false
gsv2-015,1000000,v5.1,coverage_seed,false,false,coverage_disabled,,0,250000,250000,0,0,0,0,,,,0,false,false,false
gsv2-015,1000000,v5.1,packing_seed,true,true,,completed,33152,54348,87500,33152,0,64,0.033152,,"[[3,2],0,5,12,5,0,5]","[[3,2],0,5,12,5,0,5]",1,true,false,false
gsv2-015,1000000,v5.1,star_seed,true,true,,completed,99154,57738,156892,99154,0,256,0.099154,"[[3,2],0,5,12,5,0,5]","[[5,3],0,8,12,6,0,6]","[[5,3],0,8,12,6,0,6]",1,true,false,false
gsv2-015,1000000,v5.1,constellation_seed_v1,true,true,,no_priority_constellation,5608,31892,37500,5608,0,0,0.005608,"[[5,3],0,8,12,6,0,6]","[[5,3],0,8,12,6,0,6]",,0,false,false,false
gsv2-015,1000000,v5.1,constellation_parent_frontier_hedge,false,false,,,0,0,0,0,0,0,0,"[[5,3],0,8,12,6,0,6]","[[5,3],0,8,12,6,0,6]",,0,false,false,false
gsv2-015,1000000,v5.1,pre_repair,true,true,,no_improvement,79215,120785,200000,79215,0,83,0.079215,"[[5,3],0,8,12,6,0,6]","[[6,2],0,8,12,6,0,6]","[[6,2],0,8,12,6,0,6]",1,true,true,false
gsv2-015,1000000,v5.1,dfs,true,true,,budget_exhausted,582871,0,582871,582871,0,0,0.582871,"[[6,2],0,8,12,6,0,6]","[[6,2],0,8,12,6,0,6]",,0,false,false,true
gsv2-015,1000000,v5.1,post_repair,true,true,,no_improvement,200000,0,200000,200000,0,192,0.2,"[[6,2],0,8,12,6,0,6]","[[6,2],0,8,12,6,0,6]","[[6,2],0,8,12,6,0,6]",0,false,false,true
gsv2-015,1000000,v5.1,completion,false,false,skips_disabled,,0,0,0,0,0,0,0,"[[6,2],0,8,12,6,0,6]","[[6,2],0,8,12,6,0,6]",,0,false,false,false
gsv2-015,1000000,v5.1,refine,true,true,,completed,0,0,0,0,11200,10048,0,"[[6,2],0,8,12,6,0,6]","[[6,2],0,8,12,6,0,6]","[[6,2],0,8,12,6,0,6]",0,false,false,false
gsv2-015,1000000,v5.1,plateau_lns,false,false,priority_not_reached,,0,0,0,0,0,0,0,"[[6,2],0,8,12,6,0,6]","[[6,2],0,8,12,6,0,6]",,0,false,false,false
gsv2-015,1000000,v5.1,plateau_refine,false,false,priority_not_reached,,0,0,0,0,0,0,0,"[[6,2],0,8,12,6,0,6]","[[6,2],0,8,12,6,0,6]",,0,false,false,false
gsv2-016,1000000,v5.1,coverage_seed,false,false,coverage_disabled,,0,250000,250000,0,0,0,0,,,,0,false,false,false
gsv2-016,1000000,v5.1,packing_seed,true,true,,completed,54837,32663,87500,54837,0,64,0.054837,,"[[3,3],1,6,17,4,0,4]","[[3,3],1,6,17,4,0,4]",1,true,false,false
gsv2-016,1000000,v5.1,star_seed,true,true,,completed,145420,10000,155420,145420,0,256,0.14542,"[[3,3],1,6,17,4,0,4]","[[7,3],1,10,17,6,0,8]","[[7,3],1,10,17,6,0,8]",1,true,true,false
gsv2-016,1000000,v5.1,constellation_seed_v1,true,true,,no_priority_constellation,7080,30420,37500,7080,0,0,0.00708,"[[7,3],1,10,17,6,0,8]","[[7,3],1,10,17,6,0,8]",,0,false,false,false
gsv2-016,1000000,v5.1,constellation_parent_frontier_hedge,false,false,,,0,0,0,0,0,0,0,"[[7,3],1,10,17,6,0,8]","[[7,3],1,10,17,6,0,8]",,0,false,false,false
gsv2-016,1000000,v5.1,pre_repair,true,true,,no_improvement,58334,141666,200000,58334,0,0,0.058334,"[[7,3],1,10,17,6,0,8]","[[7,3],1,10,17,6,0,8]",,0,false,false,true
gsv2-016,1000000,v5.1,dfs,true,true,,budget_exhausted,529564,4765,534329,529564,0,27714,0.529564,"[[7,3],1,10,17,6,0,8]","[[7,3],1,10,17,6,0,8]","[[7,3],1,10,17,6,0,8]",0,false,false,true
gsv2-016,1000000,v5.1,post_repair,true,true,,no_improvement,200000,0,200000,200000,0,0,0.2,"[[7,3],1,10,17,6,0,8]","[[7,3],1,10,17,6,0,8]",,0,false,false,true
gsv2-016,1000000,v5.1,completion,false,false,skips_disabled,,0,0,0,0,0,0,0,"[[7,3],1,10,17,6,0,8]","[[7,3],1,10,17,6,0,8]",,0,false,false,false
gsv2-016,1000000,v5.1,refine,true,true,,completed,0,0,0,0,3408,2976,0,"[[7,3],1,10,17,6,0,8]","[[7,3],1,10,17,6,0,8]","[[7,3],1,10,17,6,0,8]",0,false,false,false
gsv2-016,1000000,v5.1,plateau_lns,false,false,priority_not_reached,,0,0,0,0,0,0,0,"[[7,3],1,10,17,6,0,8]","[[7,3],1,10,17,6,0,8]",,0,false,false,false
gsv2-016,1000000,v5.1,plateau_refine,false,false,priority_not_reached,,0,0,0,0,0,0,0,"[[7,3],1,10,17,6,0,8]","[[7,3],1,10,17,6,0,8]",,0,false,false,false
gsv2-017,1000000,v5.1,coverage_seed,false,false,coverage_disabled,,0,250000,250000,0,0,0,0,,,,0,false,false,false
gsv2-017,1000000,v5.1,packing_seed,true,true,,completed,48287,39213,87500,48287,0,64,0.048287,,"[[4,0],0,4,18,3,0,3]","[[4,0],0,4,18,3,0,3]",1,true,false,false
gsv2-017,1000000,v5.1,star_seed,true,true,,completed,125000,0,125000,125000,0,0,0.125,"[[4,0],0,4,18,3,0,3]","[[4,0],0,4,18,3,0,3]",,0,false,false,true
gsv2-017,1000000,v5.1,constellation_seed_v1,true,true,,completed,37500,0,37500,37500,0,0,0.0375,"[[4,0],0,4,18,3,0,3]","[[4,0],0,4,18,3,0,3]",,0,false,false,false
gsv2-017,1000000,v5.1,constellation_parent_frontier_hedge,false,false,,,0,0,0,0,0,0,0,"[[4,0],0,4,18,3,0,3]","[[4,0],0,4,18,3,0,3]",,0,false,false,false
gsv2-017,1000000,v5.1,pre_repair,true,true,,no_improvement,170051,29949,200000,170051,0,4444,0.170051,"[[4,0],0,4,18,3,0,3]","[[6,3],1,9,18,6,0,6]","[[6,3],1,9,18,6,0,6]",12,true,true,false
gsv2-017,1000000,v5.1,dfs,true,true,,budget_exhausted,419162,0,419162,419162,0,2495,0.419162,"[[6,3],1,9,18,6,0,6]","[[6,3],1,9,18,6,0,6]","[[6,3],0,9,18,6,0,6]",0,false,false,true
gsv2-017,1000000,v5.1,post_repair,true,true,,no_improvement,127116,72884,200000,127116,0,12076,0.127116,"[[6,3],1,9,18,6,0,6]","[[6,3],1,9,18,6,0,6]","[[6,3],1,9,18,6,0,6]",0,false,false,true
gsv2-017,1000000,v5.1,completion,false,false,skips_disabled,,0,0,0,0,0,0,0,"[[6,3],1,9,18,6,0,6]","[[6,3],1,9,18,6,0,6]",,0,false,false,false
gsv2-017,1000000,v5.1,refine,true,true,,completed,0,0,0,0,7232,5840,0,"[[6,3],1,9,18,6,0,6]","[[6,3],1,9,18,6,0,6]","[[6,3],1,9,18,6,0,6]",0,false,false,false
gsv2-017,1000000,v5.1,plateau_lns,true,true,,no_eligible_neighborhoods,0,72884,72884,0,0,0,0,"[[6,3],1,9,18,6,0,6]","[[6,3],1,9,18,6,0,6]",,0,false,false,false
gsv2-017,1000000,v5.1,plateau_refine,true,true,,completed,841,49159,50000,841,0,198,0.000841,"[[6,3],1,9,18,6,0,6]","[[6,3],1,9,18,6,0,6]","[[6,3],1,9,18,6,0,6]",0,false,false,false
gsv2-018,1000000,v5.1,coverage_seed,false,false,coverage_disabled,,0,250000,250000,0,0,0,0,,,,0,false,false,false
gsv2-018,1000000,v5.1,packing_seed,true,true,,completed,39228,48272,87500,39228,0,64,0.039228,,"[[0,0],1,0,15,0,0,0]","[[0,0],1,0,15,0,0,0]",1,true,false,false
gsv2-018,1000000,v5.1,star_seed,true,true,,completed,86208,38792,125000,86208,0,256,0.086208,"[[0,0],1,0,15,0,0,0]","[[2,0],1,2,15,2,0,2]","[[2,0],1,2,15,2,0,2]",1,true,true,false
gsv2-018,1000000,v5.1,constellation_seed_v1,true,true,,completed,37500,0,37500,37500,0,0,0.0375,"[[2,0],1,2,15,2,0,2]","[[2,0],1,2,15,2,0,2]",,0,false,false,false
gsv2-018,1000000,v5.1,constellation_parent_frontier_hedge,false,false,,,0,0,0,0,0,0,0,"[[2,0],1,2,15,2,0,2]","[[2,0],1,2,15,2,0,2]",,0,false,false,false
gsv2-018,1000000,v5.1,pre_repair,true,true,,no_eligible_neighborhoods,0,200000,200000,0,0,0,0,"[[2,0],1,2,15,2,0,2]","[[2,0],1,2,15,2,0,2]",,0,false,false,false
gsv2-018,1000000,v5.1,dfs,true,true,,budget_exhausted,637064,0,637064,637064,0,189760,0.637064,"[[2,0],1,2,15,2,0,2]","[[2,0],1,2,15,2,0,2]","[[2,0],1,2,15,2,0,2]",0,false,false,true
gsv2-018,1000000,v5.1,post_repair,true,true,,no_eligible_neighborhoods,0,200000,200000,0,0,0,0,"[[2,0],1,2,15,2,0,2]","[[2,0],1,2,15,2,0,2]",,0,false,false,false
gsv2-018,1000000,v5.1,completion,false,false,skips_disabled,,0,0,0,0,0,0,0,"[[2,0],1,2,15,2,0,2]","[[2,0],1,2,15,2,0,2]",,0,false,false,false
gsv2-018,1000000,v5.1,refine,true,true,,completed,0,0,0,0,1532,1532,0,"[[2,0],1,2,15,2,0,2]","[[2,0],1,2,15,2,0,2]","[[2,0],1,2,15,2,0,2]",0,false,false,false
gsv2-018,1000000,v5.1,plateau_lns,true,true,,no_eligible_neighborhoods,0,100000,100000,0,0,0,0,"[[2,0],1,2,15,2,0,2]","[[2,0],1,2,15,2,0,2]",,0,false,false,false
gsv2-018,1000000,v5.1,plateau_refine,true,true,,completed,292,49708,50000,292,0,267,0.000292,"[[2,0],1,2,15,2,0,2]","[[2,0],1,2,15,2,0,2]","[[2,0],1,2,15,2,0,2]",0,false,false,false
gsv2-019,1000000,v5.1,coverage_seed,false,false,coverage_disabled,,0,250000,250000,0,0,0,0,,,,0,false,false,false
gsv2-019,1000000,v5.1,packing_seed,true,true,,completed,37795,49705,87500,37795,0,64,0.037795,,"[[2,1],0,3,20,3,0,3]","[[2,1],0,3,20,3,0,3]",1,true,false,false
gsv2-019,1000000,v5.1,star_seed,true,true,,completed,125000,0,125000,125000,0,0,0.125,"[[2,1],0,3,20,3,0,3]","[[2,1],0,3,20,3,0,3]",,0,false,false,true
gsv2-019,1000000,v5.1,constellation_seed_v1,true,true,,completed,37500,0,37500,37500,0,0,0.0375,"[[2,1],0,3,20,3,0,3]","[[2,1],0,3,20,3,0,3]",,0,false,false,false
gsv2-019,1000000,v5.1,constellation_parent_frontier_hedge,false,false,,,0,0,0,0,0,0,0,"[[2,1],0,3,20,3,0,3]","[[2,1],0,3,20,3,0,3]",,0,false,false,false
gsv2-019,1000000,v5.1,pre_repair,true,true,,no_improvement,177635,22365,200000,177635,0,161668,0.177635,"[[2,1],0,3,20,3,0,3]","[[3,0],0,3,20,3,0,3]","[[3,0],0,3,20,3,0,3]",1,true,false,false
gsv2-019,1000000,v5.1,dfs,true,true,,budget_exhausted,386338,35732,422070,386338,0,327195,0.386338,"[[3,0],0,3,20,3,0,3]","[[3,1],0,4,20,4,0,4]","[[3,1],0,4,20,4,0,4]",1,true,false,false
gsv2-019,1000000,v5.1,post_repair,true,true,,no_improvement,162328,37672,200000,162328,0,80358,0.162328,"[[3,1],0,4,20,4,0,4]","[[3,2],0,5,20,5,0,5]","[[3,2],0,5,20,5,0,5]",1,true,true,false
gsv2-019,1000000,v5.1,completion,false,false,skips_disabled,,0,0,0,0,0,0,0,"[[3,2],0,5,20,5,0,5]","[[3,2],0,5,20,5,0,5]",,0,false,false,false
gsv2-019,1000000,v5.1,refine,true,true,,completed,0,0,0,0,10040,10040,0,"[[3,2],0,5,20,5,0,5]","[[3,2],0,5,20,5,0,5]","[[3,2],0,5,20,5,0,5]",0,false,false,false
gsv2-019,1000000,v5.1,plateau_lns,true,true,,completed,73404,0,73404,73404,0,65080,0.073404,"[[3,2],0,5,20,5,0,5]","[[3,2],0,5,20,5,0,5]","[[3,2],0,5,20,5,0,5]",0,false,false,true
gsv2-019,1000000,v5.1,plateau_refine,false,false,no_budget,,0,0,0,0,0,0,0,"[[3,2],0,5,20,5,0,5]","[[3,2],0,5,20,5,0,5]",,0,false,false,false
gsv2-020,1000000,v5.1,coverage_seed,false,false,coverage_disabled,,0,250000,250000,0,0,0,0,,,,0,false,false,false
gsv2-020,1000000,v5.1,packing_seed,true,true,,completed,30206,57294,87500,30206,0,64,0.030206,,"[[3,1],1,4,18,3,0,3]","[[3,1],1,4,18,3,0,3]",1,true,false,false
gsv2-020,1000000,v5.1,star_seed,true,true,,completed,86184,58428,144612,86184,0,76,0.086184,"[[3,1],1,4,18,3,0,3]","[[3,1],1,4,18,3,0,3]","[[4,4],0,8,18,6,0,8]",0,false,false,true
gsv2-020,1000000,v5.1,constellation_seed_v1,true,true,,completed,17888,19612,37500,17888,0,303,0.017888,"[[3,1],1,4,18,3,0,3]","[[4,4],0,8,18,6,0,8]","[[4,4],0,8,18,6,0,8]",1,true,true,false
gsv2-020,1000000,v5.1,constellation_parent_frontier_hedge,false,false,,,0,0,0,0,0,0,0,"[[4,4],0,8,18,6,0,8]","[[4,4],0,8,18,6,0,8]",,0,false,false,false
gsv2-020,1000000,v5.1,pre_repair,true,true,,no_eligible_neighborhoods,0,200000,200000,0,0,0,0,"[[4,4],0,8,18,6,0,8]","[[4,4],0,8,18,6,0,8]",,0,false,false,false
gsv2-020,1000000,v5.1,dfs,true,true,,budget_exhausted,665722,0,665722,665722,0,1444,0.665722,"[[4,4],0,8,18,6,0,8]","[[4,4],0,8,18,6,0,8]","[[4,4],0,8,18,6,0,8]",0,false,false,true
gsv2-020,1000000,v5.1,post_repair,true,true,,no_eligible_neighborhoods,0,200000,200000,0,0,0,0,"[[4,4],0,8,18,6,0,8]","[[4,4],0,8,18,6,0,8]",,0,false,false,false
gsv2-020,1000000,v5.1,completion,false,false,skips_disabled,,0,0,0,0,0,0,0,"[[4,4],0,8,18,6,0,8]","[[4,4],0,8,18,6,0,8]",,0,false,false,false
gsv2-020,1000000,v5.1,refine,true,true,,completed,0,0,0,0,1674,1466,0,"[[4,4],0,8,18,6,0,8]","[[4,4],0,8,18,6,0,8]","[[4,4],0,8,18,6,0,8]",0,false,false,false
gsv2-020,1000000,v5.1,plateau_lns,true,true,,no_eligible_neighborhoods,0,100000,100000,0,0,0,0,"[[4,4],0,8,18,6,0,8]","[[4,4],0,8,18,6,0,8]",,0,false,false,false
gsv2-020,1000000,v5.1,plateau_refine,true,true,,completed,794,49206,50000,794,0,136,0.000794,"[[4,4],0,8,18,6,0,8]","[[4,4],0,8,18,6,0,8]","[[4,4],0,8,18,6,0,8]",0,false,false,false
gsv2-021,1000000,v5.1,coverage_seed,false,false,coverage_disabled,,0,250000,250000,0,0,0,0,,,,0,false,false,false
gsv2-021,1000000,v5.1,packing_seed,true,true,,completed,28765,58735,87500,28765,0,64,0.028765,,"[[6,3],0,9,21,5,0,7]","[[6,3],0,9,21,5,0,7]",1,true,false,false
gsv2-021,1000000,v5.1,star_seed,true,true,,completed,128612,26138,154750,128612,0,0,0.128612,"[[6,3],0,9,21,5,0,7]","[[6,3],0,9,21,5,0,7]",,0,false,false,true
gsv2-021,1000000,v5.1,constellation_seed_v1,true,true,,no_priority_constellation,7750,29750,37500,7750,0,0,0.00775,"[[6,3],0,9,21,5,0,7]","[[6,3],0,9,21,5,0,7]",,0,false,false,false
gsv2-021,1000000,v5.1,constellation_parent_frontier_hedge,false,false,,,0,0,0,0,0,0,0,"[[6,3],0,9,21,5,0,7]","[[6,3],0,9,21,5,0,7]",,0,false,false,false
gsv2-021,1000000,v5.1,pre_repair,true,true,,no_remaining_neighborhoods,116753,83247,200000,116753,0,2578,0.116753,"[[6,3],0,9,21,5,0,7]","[[10,3],0,13,21,6,0,8]","[[10,3],0,13,21,6,0,8]",9,true,true,false
gsv2-021,1000000,v5.1,dfs,true,true,,budget_exhausted,518120,0,518120,518120,0,194230,0.51812,"[[10,3],0,13,21,6,0,8]","[[10,3],0,13,21,6,0,8]","[[10,3],0,13,21,6,0,8]",0,false,false,true
gsv2-021,1000000,v5.1,post_repair,true,true,,no_improvement,88176,111824,200000,88176,0,246,0.088176,"[[10,3],0,13,21,6,0,8]","[[10,3],0,13,21,6,0,8]","[[10,3],0,13,21,6,0,8]",0,false,false,true
gsv2-021,1000000,v5.1,completion,false,false,skips_disabled,,0,0,0,0,0,0,0,"[[10,3],0,13,21,6,0,8]","[[10,3],0,13,21,6,0,8]",,0,false,false,false
gsv2-021,1000000,v5.1,refine,true,true,,completed,0,0,0,0,1760,1200,0,"[[10,3],0,13,21,6,0,8]","[[10,3],0,13,21,6,0,8]","[[10,3],0,13,21,6,0,8]",0,false,false,false
gsv2-021,1000000,v5.1,plateau_lns,false,false,priority_not_reached,,0,0,0,0,0,0,0,"[[10,3],0,13,21,6,0,8]","[[10,3],0,13,21,6,0,8]",,0,false,false,false
gsv2-021,1000000,v5.1,plateau_refine,false,false,priority_not_reached,,0,0,0,0,0,0,0,"[[10,3],0,13,21,6,0,8]","[[10,3],0,13,21,6,0,8]",,0,false,false,false
gsv2-022,1000000,v5.1,coverage_seed,false,false,coverage_disabled,,0,250000,250000,0,0,0,0,,,,0,false,false,false
gsv2-022,1000000,v5.1,packing_seed,true,true,,completed,33400,54100,87500,33400,0,64,0.0334,,"[[2,0],0,2,17,1,0,1]","[[2,0],0,2,17,1,0,1]",1,true,false,false
gsv2-022,1000000,v5.1,star_seed,true,true,,completed,88242,69794,158036,88242,0,256,0.088242,"[[2,0],0,2,17,1,0,1]","[[4,2],0,6,17,5,0,6]","[[4,2],0,6,17,5,0,6]",1,true,false,false
gsv2-022,1000000,v5.1,constellation_seed_v1,true,true,,no_priority_constellation,4464,33036,37500,4464,0,0,0.004464,"[[4,2],0,6,17,5,0,6]","[[4,2],0,6,17,5,0,6]",,0,false,false,false
gsv2-022,1000000,v5.1,constellation_parent_frontier_hedge,false,false,,,0,0,0,0,0,0,0,"[[4,2],0,6,17,5,0,6]","[[4,2],0,6,17,5,0,6]",,0,false,false,false
gsv2-022,1000000,v5.1,pre_repair,true,true,,no_improvement,156300,43700,200000,156300,0,478,0.1563,"[[4,2],0,6,17,5,0,6]","[[5,3],0,8,17,6,0,8]","[[5,3],0,8,17,6,0,8]",5,true,true,false
gsv2-022,1000000,v5.1,dfs,true,true,,budget_exhausted,517594,0,517594,517594,0,5581,0.517594,"[[5,3],0,8,17,6,0,8]","[[5,3],0,8,17,6,0,8]","[[5,3],0,8,17,6,0,8]",0,false,false,true
gsv2-022,1000000,v5.1,post_repair,true,true,,no_improvement,60000,140000,200000,60000,0,8,0.06,"[[5,3],0,8,17,6,0,8]","[[5,3],0,8,17,6,0,8]","[[5,3],0,8,17,6,0,8]",0,false,false,true
gsv2-022,1000000,v5.1,completion,false,false,skips_disabled,,0,0,0,0,0,0,0,"[[5,3],0,8,17,6,0,8]","[[5,3],0,8,17,6,0,8]",,0,false,false,false
gsv2-022,1000000,v5.1,refine,true,true,,completed,0,0,0,0,656,560,0,"[[5,3],0,8,17,6,0,8]","[[5,3],0,8,17,6,0,8]","[[5,3],0,8,17,6,0,8]",0,false,false,false
gsv2-022,1000000,v5.1,plateau_lns,false,false,priority_not_reached,,0,0,0,0,0,0,0,"[[5,3],0,8,17,6,0,8]","[[5,3],0,8,17,6,0,8]",,0,false,false,false
gsv2-022,1000000,v5.1,plateau_refine,false,false,priority_not_reached,,0,0,0,0,0,0,0,"[[5,3],0,8,17,6,0,8]","[[5,3],0,8,17,6,0,8]",,0,false,false,false
gsv2-023,1000000,v5.1,coverage_seed,false,false,coverage_disabled,,0,250000,250000,0,0,0,0,,,,0,false,false,false
gsv2-023,1000000,v5.1,packing_seed,true,true,,completed,54855,32645,87500,54855,0,64,0.054855,,"[[2,1],0,3,14,3,0,3]","[[2,1],0,3,14,3,0,3]",1,true,false,false
gsv2-023,1000000,v5.1,star_seed,true,true,,completed,151187,0,151187,151187,0,0,0.151187,"[[2,1],0,3,14,3,0,3]","[[2,1],0,3,14,3,0,3]",,0,false,false,true
gsv2-023,1000000,v5.1,constellation_seed_v1,true,true,,no_priority_constellation,11313,26187,37500,11313,0,0,0.011313,"[[2,1],0,3,14,3,0,3]","[[2,1],0,3,14,3,0,3]",,0,false,false,false
gsv2-023,1000000,v5.1,constellation_parent_frontier_hedge,false,false,,,0,0,0,0,0,0,0,"[[2,1],0,3,14,3,0,3]","[[2,1],0,3,14,3,0,3]",,0,false,false,false
gsv2-023,1000000,v5.1,pre_repair,true,true,,budget_exhausted,200000,0,200000,200000,0,1820,0.2,"[[2,1],0,3,14,3,0,3]","[[4,3],0,7,14,6,0,7]","[[4,3],0,7,14,6,0,7]",5,true,false,false
gsv2-023,1000000,v5.1,dfs,true,true,,budget_exhausted,382645,0,382645,382645,0,9617,0.382645,"[[4,3],0,7,14,6,0,7]","[[4,3],0,7,14,6,0,7]","[[4,3],0,7,14,6,0,6]",0,false,false,true
gsv2-023,1000000,v5.1,post_repair,true,true,,no_improvement,200000,0,200000,200000,0,956,0.2,"[[4,3],0,7,14,6,0,7]","[[4,3],0,7,14,6,0,7]","[[4,3],0,7,14,6,0,7]",0,false,false,true
gsv2-023,1000000,v5.1,completion,false,false,skips_disabled,,0,0,0,0,0,0,0,"[[4,3],0,7,14,6,0,7]","[[4,3],0,7,14,6,0,7]",,0,false,false,false
gsv2-023,1000000,v5.1,refine,true,true,,completed,0,0,0,0,24448,17408,0,"[[4,3],0,7,14,6,0,7]","[[4,4],0,8,14,6,0,8]","[[4,4],0,8,14,6,0,8]",1,true,true,false
gsv2-023,1000000,v5.1,plateau_lns,false,false,priority_not_reached,,0,0,0,0,0,0,0,"[[4,4],0,8,14,6,0,8]","[[4,4],0,8,14,6,0,8]",,0,false,false,false
gsv2-023,1000000,v5.1,plateau_refine,false,false,priority_not_reached,,0,0,0,0,0,0,0,"[[4,4],0,8,14,6,0,8]","[[4,4],0,8,14,6,0,8]",,0,false,false,false
gsv2-024,1000000,v5.1,coverage_seed,false,false,coverage_disabled,,0,250000,250000,0,0,0,0,,,,0,false,false,false
gsv2-024,1000000,v5.1,packing_seed,true,true,,completed,43681,43819,87500,43681,0,15,0.043681,,"[[0,3],1,3,33,3,0,3]","[[0,3],1,3,33,3,0,3]",1,true,false,false
gsv2-024,1000000,v5.1,star_seed,true,true,,completed,125000,0,125000,125000,0,0,0.125,"[[0,3],1,3,33,3,0,3]","[[0,3],1,3,33,3,0,3]",,0,false,false,true
gsv2-024,1000000,v5.1,constellation_seed_v1,true,true,,completed,37500,0,37500,37500,0,0,0.0375,"[[0,3],1,3,33,3,0,3]","[[0,3],1,3,33,3,0,3]",,0,false,false,false
gsv2-024,1000000,v5.1,constellation_parent_frontier_hedge,false,false,,,0,0,0,0,0,0,0,"[[0,3],1,3,33,3,0,3]","[[0,3],1,3,33,3,0,3]",,0,false,false,false
gsv2-024,1000000,v5.1,pre_repair,true,true,,no_improvement,76996,123004,200000,76996,0,12322,0.076996,"[[0,3],1,3,33,3,0,3]","[[3,3],1,6,33,6,0,6]","[[3,3],1,6,33,6,0,6]",8,true,true,false
gsv2-024,1000000,v5.1,dfs,true,true,,budget_exhausted,506223,10600,516823,506223,0,136666,0.506223,"[[3,3],1,6,33,6,0,6]","[[3,3],1,6,33,6,0,6]","[[3,3],1,6,33,6,0,6]",0,false,false,true
gsv2-024,1000000,v5.1,post_repair,true,true,,no_improvement,93083,106917,200000,93083,0,6744,0.093083,"[[3,3],1,6,33,6,0,6]","[[3,3],1,6,33,6,0,6]","[[3,3],1,6,33,6,0,6]",0,false,false,true
gsv2-024,1000000,v5.1,completion,false,false,skips_disabled,,0,0,0,0,0,0,0,"[[3,3],1,6,33,6,0,6]","[[3,3],1,6,33,6,0,6]",,0,false,false,false
gsv2-024,1000000,v5.1,refine,true,true,,completed,0,0,0,0,1056,1056,0,"[[3,3],1,6,33,6,0,6]","[[3,3],1,6,33,6,0,6]","[[3,3],1,6,33,6,0,6]",0,false,false,false
gsv2-024,1000000,v5.1,plateau_lns,true,true,,no_eligible_neighborhoods,0,100000,100000,0,0,0,0,"[[3,3],1,6,33,6,0,6]","[[3,3],1,6,33,6,0,6]",,0,false,false,false
gsv2-024,1000000,v5.1,plateau_refine,true,true,,completed,998,49002,50000,998,0,694,0.000998,"[[3,3],1,6,33,6,0,6]","[[3,3],1,6,33,6,0,6]","[[3,3],1,6,33,6,0,6]",0,false,false,false
gsv2-025,1000000,v5.1,coverage_seed,false,false,coverage_disabled,,0,250000,250000,0,0,0,0,,,,0,false,false,false
gsv2-025,1000000,v5.1,packing_seed,true,true,,completed,45211,42289,87500,45211,0,64,0.045211,,"[[0,2],0,2,30,2,0,2]","[[0,2],0,2,30,2,0,2]",1,true,false,false
gsv2-025,1000000,v5.1,star_seed,true,true,,completed,125000,0,125000,125000,0,0,0.125,"[[0,2],0,2,30,2,0,2]","[[0,2],0,2,30,2,0,2]",,0,false,false,true
gsv2-025,1000000,v5.1,constellation_seed_v1,true,true,,completed,37500,0,37500,37500,0,0,0.0375,"[[0,2],0,2,30,2,0,2]","[[0,2],0,2,30,2,0,2]",,0,false,false,false
gsv2-025,1000000,v5.1,constellation_parent_frontier_hedge,false,false,,,0,0,0,0,0,0,0,"[[0,2],0,2,30,2,0,2]","[[0,2],0,2,30,2,0,2]",,0,false,false,false
gsv2-025,1000000,v5.1,pre_repair,true,true,,no_improvement,197117,2883,200000,197117,0,118009,0.197117,"[[0,2],0,2,30,2,0,2]","[[3,2],0,5,30,5,0,5]","[[3,2],0,5,30,5,0,5]",2,true,true,false
gsv2-025,1000000,v5.1,dfs,true,true,,budget_exhausted,395172,0,395172,395172,0,201511,0.395172,"[[3,2],0,5,30,5,0,5]","[[3,2],0,5,30,5,0,5]","[[3,2],0,5,30,5,0,5]",0,false,false,true
gsv2-025,1000000,v5.1,post_repair,true,true,,no_improvement,200000,0,200000,200000,0,44514,0.2,"[[3,2],0,5,30,5,0,5]","[[3,2],0,5,30,5,0,5]","[[3,2],0,5,30,5,0,5]",0,false,false,true
gsv2-025,1000000,v5.1,completion,false,false,skips_disabled,,0,0,0,0,0,0,0,"[[3,2],0,5,30,5,0,5]","[[3,2],0,5,30,5,0,5]",,0,false,false,false
gsv2-025,1000000,v5.1,refine,true,true,,completed,0,0,0,0,5094,5094,0,"[[3,2],0,5,30,5,0,5]","[[3,2],0,5,30,5,0,5]","[[3,2],0,5,30,5,0,5]",0,false,false,false
gsv2-025,1000000,v5.1,plateau_lns,false,false,no_budget,,0,0,0,0,0,0,0,"[[3,2],0,5,30,5,0,5]","[[3,2],0,5,30,5,0,5]",,0,false,false,false
gsv2-025,1000000,v5.1,plateau_refine,false,false,no_budget,,0,0,0,0,0,0,0,"[[3,2],0,5,30,5,0,5]","[[3,2],0,5,30,5,0,5]",,0,false,false,false
gsv2-026,1000000,v5.1,coverage_seed,false,false,coverage_disabled,,0,250000,250000,0,0,0,0,,,,0,false,false,false
gsv2-026,1000000,v5.1,packing_seed,true,true,,completed,47348,40152,87500,47348,0,64,0.047348,,"[[6,1],0,7,17,3,0,4]","[[6,1],0,7,17,3,0,4]",1,true,false,false
gsv2-026,1000000,v5.1,star_seed,true,true,,completed,125000,0,125000,125000,0,0,0.125,"[[6,1],0,7,17,3,0,4]","[[6,1],0,7,17,3,0,4]",,0,false,false,true
gsv2-026,1000000,v5.1,constellation_seed_v1,true,true,,completed,37500,0,37500,37500,0,0,0.0375,"[[6,1],0,7,17,3,0,4]","[[6,1],0,7,17,3,0,4]",,0,false,false,false
gsv2-026,1000000,v5.1,constellation_parent_frontier_hedge,false,false,,,0,0,0,0,0,0,0,"[[6,1],0,7,17,3,0,4]","[[6,1],0,7,17,3,0,4]",,0,false,false,false
gsv2-026,1000000,v5.1,pre_repair,true,true,,no_remaining_neighborhoods,166649,33351,200000,166649,0,1139,0.166649,"[[6,1],0,7,17,3,0,4]","[[9,2],1,11,17,6,0,7]","[[9,2],1,11,17,6,0,7]",11,true,false,false
gsv2-026,1000000,v5.1,dfs,true,true,,budget_exhausted,423503,0,423503,423503,0,205189,0.423503,"[[9,2],1,11,17,6,0,7]","[[9,2],1,11,17,6,0,7]","[[9,2],1,11,17,6,0,7]",0,false,false,true
gsv2-026,1000000,v5.1,post_repair,true,true,,no_improvement,200000,0,200000,200000,0,31288,0.2,"[[9,2],1,11,17,6,0,7]","[[10,2],1,12,17,6,0,7]","[[10,2],1,12,17,6,0,7]",1,true,true,false
gsv2-026,1000000,v5.1,completion,false,false,skips_disabled,,0,0,0,0,0,0,0,"[[10,2],1,12,17,6,0,7]","[[10,2],1,12,17,6,0,7]",,0,false,false,false
gsv2-026,1000000,v5.1,refine,true,true,,completed,0,0,0,0,19329,14619,0,"[[10,2],1,12,17,6,0,7]","[[10,2],1,12,17,6,0,7]","[[10,2],1,12,17,6,0,7]",0,false,false,false
gsv2-026,1000000,v5.1,plateau_lns,false,false,no_budget,,0,0,0,0,0,0,0,"[[10,2],1,12,17,6,0,7]","[[10,2],1,12,17,6,0,7]",,0,false,false,false
gsv2-026,1000000,v5.1,plateau_refine,false,false,no_budget,,0,0,0,0,0,0,0,"[[10,2],1,12,17,6,0,7]","[[10,2],1,12,17,6,0,7]",,0,false,false,false
